"participant_id","current_time","user_agent","retake","gender","multinational","father","mother","education","normalvision","country0","years0","country1","country2","country3","country4","country5","years1","years2","years3","years4","years5","lang0","lang1","lang2","lang3","lang4","lang5","lang6","fluency1","fluency2","fluency3","fluency4","fluency5","fluency6","age","urban","web_usage","profession"
"8953","2018-02-13 21:23:19","Mozilla/5.0 (Macintosh; Intel Mac OS X 10.13; rv:58.0) Gecko/20100101 Firefox/58.0","1","2","0",,,,"0","Afghanistan","0",,,,,,"0","0","0","0","0",,,,,,,,"0","0","0","0","0","0","0",,,
"8954","2018-02-14 14:37:41","Mozilla/5.0 (Macintosh; Intel Mac OS X 10_12_5) AppleWebKit/537.36 (KHTML, like Gecko) Chrome/63.0.3239.132 Safari/537.36","0","1","0",,,,"0","Aland Islands","0",,,,,,"0","0","0","0","0",,,,,,,,"0","0","0","0","0","0","22",,,
"8955","2018-02-14 16:59:15","Mozilla/5.0 (Macintosh; Intel Mac OS X 10.13; rv:58.0) Gecko/20100101 Firefox/58.0","1","2","0",,,,"0","Afghanistan","0",,,,,,"0","0","0","0","0",,,,,,,,"0","0","0","0","0","0","0",,,
"8956","2018-02-14 17:29:41","Mozilla/5.0 (Macintosh; Intel Mac OS X 10_12_5) AppleWebKit/537.36 (KHTML, like Gecko) Chrome/63.0.3239.132 Safari/537.36","1","2","0",,,,"0","Aland Islands","0",,,,,,"0","0","0","0","0",,,,,,,,"0","0","0","0","0","0","22",,,
"8957","2018-02-16 10:14:57","Mozilla/5.0 (Macintosh; Intel Mac OS X 10_12_5) AppleWebKit/537.36 (KHTML, like Gecko) Chrome/63.0.3239.132 Safari/537.36","1","0","0",,,,"0","Aland Islands","0",,,,,,"0","0","0","0","0",,,,,,,,"0","0","0","0","0","0","0",,,
"8958","2018-02-16 18:03:33","Mozilla/5.0 (Macintosh; Intel Mac OS X 10_12_5) AppleWebKit/537.36 (KHTML, like Gecko) Chrome/64.0.3282.167 Safari/537.36","1","0","0",,,,"0","Aland Islands","0",,,,,,"0","0","0","0","0",,,,,,,,"0","0","0","0","0","0","0",,,
"8959","2018-02-18 12:47:02","Mozilla/5.0 (Windows NT 6.1; Win64; x64; rv:58.0) Gecko/20100101 Firefox/58.0","0","2","1","United Kingdom","United Kingdom","college","1","Australia","54","United Kingdom",,,,,"9","0","0","0","0","English",,,,,,,"0","0","0","0","0","0","63",,,
"8960","2018-02-18 15:43:21","Mozilla/5.0 (iPad; CPU OS 10_3_3 like Mac OS X) AppleWebKit/603.3.8 (KHTML, like Gecko) Mobile/14G60 [FBAN/FBIOS;FBAV/159.0.0.48.97;FBBV/91994325;FBDV/iPad4,1;FBMD/iPad;FBSN/iOS;FBSV/10.3.3;FBSS/2;FBC","0","3","0","United States","United States","postdoctoral","1","United States","47",,,,,,"0","0","0","0","0","English",,,,,,,"0","0","0","0","0","0","47",,,
"8961","2018-02-18 22:09:06","Mozilla/5.0 (Windows NT 10.0; Win64; x64) AppleWebKit/537.36 (KHTML, like Gecko) Chrome/64.0.3282.167 Safari/537.36","0","2","0","United States","United States","PhD","1","United States","64",,,,,,"0","0","0","0","0","English",,,,,,,"0","0","0","0","0","0","64",,,
"8962","2018-02-19 02:39:24","Mozilla/5.0 (iPad; CPU OS 11_2_5 like Mac OS X) AppleWebKit/604.5.6 (KHTML, like Gecko) Mobile/15D60 [FBAN/FBIOS;FBAV/159.0.0.48.97;FBBV/91994325;FBDV/iPad5,4;FBMD/iPad;FBSN/iOS;FBSV/11.2.5;FBSS/2;FBC","0","2","1","Australia","Australia","professional school","1","Australia","10","Australia",,,,,"30","0","0","0","0","English",,,,,,,"0","0","0","0","0","0","57",,,
"8963","2018-02-19 14:36:03","Mozilla/5.0 (Windows NT 10.0; Win64; x64) AppleWebKit/537.36 (KHTML, like Gecko) Chrome/64.0.3282.167 Safari/537.36","0","2","0",,,,"0","United Kingdom","0",,,,,,"0","0","0","0","0",,,,,,,,"0","0","0","0","0","0","50",,,
"8964","2018-02-19 20:22:58","Mozilla/5.0 (Macintosh; Intel Mac OS X 10_13_2) AppleWebKit/537.36 (KHTML, like Gecko) Chrome/64.0.3282.167 Safari/537.36","0","2","0","United States","United States","college","1","United States","25",,,,,,"0","0","0","0","0","English",,,,,,,"0","0","0","0","0","0","25",,,
"8965","2018-02-19 20:32:50","Mozilla/5.0 (Macintosh; Intel Mac OS X 10_13_2) AppleWebKit/537.36 (KHTML, like Gecko) Chrome/64.0.3282.167 Safari/537.36","0","1","0","United States","United States","college","1","United States","26",,,,,,"0","0","0","0","0","English",,,,,,,"0","0","0","0","0","0","26",,,
"8966","2018-02-20 08:35:21","Mozilla/5.0 (Windows NT 10.0; Win64; x64) AppleWebKit/537.36 (KHTML, like Gecko) Chrome/63.0.3239.132 Safari/537.36","0","0","0",,,,"0","India","0",,,,,,"0","0","0","0","0",,,,,,,,"0","0","0","0","0","0","0",,,
"8967","2018-02-20 11:15:27","Mozilla/5.0 (Windows NT 10.0; Win64; x64) AppleWebKit/537.36 (KHTML, like Gecko) Chrome/63.0.3239.132 Safari/537.36","0","0","0",,,,"0","India","0",,,,,,"0","0","0","0","0",,,,,,,,"0","0","0","0","0","0","0",,,
"8968","2018-02-22 04:06:45","Mozilla/5.0 (Windows NT 10.0; Win64; x64) AppleWebKit/537.36 (KHTML, like Gecko) Chrome/63.0.3239.132 Safari/537.36","0","1","0","United States","United States","high school","0","United States","19",,,,,,"0","0","0","0","0","English",,,,,,,"0","0","0","0","0","0","19",,,
"8969","2018-02-22 12:14:18","Mozilla/5.0 (Windows NT 10.0; Win64; x64) AppleWebKit/537.36 (KHTML, like Gecko) Chrome/63.0.3239.132 Safari/537.36","0","1","0","Poland","Poland","college","1","Poland","16",,,,,,"0","0","0","0","0","Polish",,,,,,,"0","0","0","0","0","0","16",,,
"8970","2018-02-22 12:20:00","Mozilla/5.0 (Windows NT 10.0; Win64; x64) AppleWebKit/537.36 (KHTML, like Gecko) Chrome/64.0.3282.167 Safari/537.36","0","1","0","United Kingdom","United Kingdom","college","0","United Kingdom","22",,,,,,"0","0","0","0","0","English",,,,,,,"0","0","0","0","0","0","22",,,
"8971","2018-02-22 12:20:57","Mozilla/5.0 (Windows NT 6.1; Win64; x64) AppleWebKit/537.36 (KHTML, like Gecko) Chrome/63.0.3239.132 Safari/537.36","0","1","0","Argentina","Aruba","graduate school","1","Afghanistan","1",,,,,,"0","0","0","0","0","Polish",,,,,,,"0","0","0","0","0","0","19",,,
"8972","2018-02-22 12:20:58","Mozilla/5.0 (Windows NT 10.0; Win64; x64) AppleWebKit/537.36 (KHTML, like Gecko) Chrome/64.0.3282.167 Safari/537.36","0","1","0","United Kingdom","United Kingdom","college","0","United Kingdom","22",,,,,,"0","0","0","0","0","English",,,,,,,"0","0","0","0","0","0","22",,,
"8973","2018-02-22 13:11:35","Mozilla/5.0 (Windows NT 6.1; Win64; x64) AppleWebKit/537.36 (KHTML, like Gecko) Chrome/63.0.3239.132 Safari/537.36","0","1","0","Germany","Germany","high school","1","Germany","20",,,,,,"0","0","0","0","0","German",,,,,,,"0","0","0","0","0","0","20",,,
"8974","2018-02-22 13:40:08","Mozilla/5.0 (Windows NT 10.0; Win64; x64) AppleWebKit/537.36 (KHTML, like Gecko) Chrome/64.0.3282.167 Safari/537.36","0","1","0","Sweden","Sweden","college","0","Sweden","19",,,,,,"0","0","0","0","0","Swedish",,,,,,,"0","0","0","0","0","0","19",,,
"8975","2018-02-22 13:43:36","Mozilla/5.0 (Windows NT 10.0; Win64; x64) AppleWebKit/537.36 (KHTML, like Gecko) Chrome/63.0.3239.132 Safari/537.36","0","2","0","Turkey","Turkey","college","1","Germany","22",,,,,,"0","0","0","0","0","Turkish",,,,,,,"0","0","0","0","0","0","22",,,
"8976","2018-02-22 14:08:43","Mozilla/5.0 (Windows NT 10.0; Win64; x64) AppleWebKit/537.36 (KHTML, like Gecko) Chrome/63.0.3239.132 Safari/537.36","0","1","0","Denmark","Denmark","college","1","Denmark","25",,,,,,"0","0","0","0","0","Danish",,,,,,,"0","0","0","0","0","0","25",,,
"8977","2018-02-22 16:00:13","Mozilla/5.0 (Windows NT 6.1; Win64; x64) AppleWebKit/537.36 (KHTML, like Gecko) Chrome/64.0.3282.167 Safari/537.36","0","1","0","Croatia","Croatia","high school","1","Croatia","21",,,,,,"0","0","0","0","0","Croatian",,,,,,,"0","0","0","0","0","0","21",,,
"8978","2018-02-22 16:02:03","Mozilla/5.0 (Windows NT 6.1; Win64; x64) AppleWebKit/537.36 (KHTML, like Gecko) Chrome/64.0.3282.167 Safari/537.36","0","1","0","Croatia","Croatia","high school","1","Croatia","21",,,,,,"0","0","0","0","0","Croatian",,,,,,,"0","0","0","0","0","0","21",,,
"8979","2018-02-22 16:07:02","Mozilla/5.0 (Windows NT 10.0; Win64; x64) AppleWebKit/537.36 (KHTML, like Gecko) Chrome/64.0.3282.167 Safari/537.36","0","1","0","United Kingdom","United Kingdom","college","1","United Kingdom","27",,,,,,"0","0","0","0","0","English",,,,,,,"0","0","0","0","0","0","27",,,
"8980","2018-02-22 16:41:27","Mozilla/5.0 (Windows NT 10.0; Win64; x64) AppleWebKit/537.36 (KHTML, like Gecko) Chrome/64.0.3282.167 Safari/537.36","0","1","0","Spain","Spain","college","0","Spain","20",,,,,,"0","0","0","0","0","Spanish",,,,,,,"0","0","0","0","0","0","20",,,
"8981","2018-02-22 20:07:30","Mozilla/5.0 (Windows NT 6.1; Win64; x64) AppleWebKit/537.36 (KHTML, like Gecko) Chrome/63.0.3239.132 Safari/537.36","0","1","0",,,,"0","United States","0",,,,,,"0","0","0","0","0",,,,,,,,"0","0","0","0","0","0","0",,,
"8982","2018-02-23 02:12:59","Mozilla/5.0 (Windows NT 10.0; Win64; x64) AppleWebKit/537.36 (KHTML, like Gecko) Chrome/64.0.3282.186 Safari/537.36","0","1","1","India","India","postdoctoral","1","United Kingdom","13","Kenya",,,,,"9","0","0","0","0","English",,,,,,,"0","0","0","0","0","0","22",,,
"8983","2018-02-23 02:25:35","Mozilla/5.0 (Windows NT 10.0; Win64; x64; rv:59.0) Gecko/20100101 Firefox/59.0","0","1","0","South Africa","South Africa","college","1","South Africa","26",,,,,,"0","0","0","0","0","English",,,,,,,"0","0","0","0","0","0","26",,,
"8984","2018-02-23 06:40:09","Mozilla/5.0 (Windows NT 10.0; Win64; x64) AppleWebKit/537.36 (KHTML, like Gecko) Chrome/64.0.3282.167 Safari/537.36","0","1","0","Afghanistan","Afghanistan","high school","0","Romania","18",,,,,,"0","0","0","0","0","Persian",,,,,,,"0","0","0","0","0","0","18",,,
"8985","2018-02-23 08:42:42","Mozilla/5.0 (Macintosh; Intel Mac OS X 10_9_5) AppleWebKit/537.36 (KHTML, like Gecko) Chrome/64.0.3282.167 Safari/537.36","0","2","0","United States","United States","college","1","United States","17",,,,,,"0","0","0","0","0","English",,,,,,,"0","0","0","0","0","0","17",,,
"8986","2018-02-26 03:46:00","Mozilla/5.0 (Windows NT 10.0; Win64; x64) AppleWebKit/537.36 (KHTML, like Gecko) Chrome/64.0.3282.167 Safari/537.36","0","1","0",,,,"0","Australia","0",,,,,,"0","0","0","0","0",,,,,,,,"0","0","0","0","0","0","0",,,
"8987","2018-02-26 06:22:28","Mozilla/5.0 (Windows NT 10.0; Win64; x64) AppleWebKit/537.36 (KHTML, like Gecko) Chrome/63.0.3239.132 Safari/537.36","0","2","0","United States","United States","college","1","United States","20",,,,,,"0","0","0","0","0","English",,,,,,,"0","0","0","0","0","0","20",,,
"8988","2018-02-26 11:11:37","Mozilla/5.0 (X11; CrOS x86_64 10176.68.0) AppleWebKit/537.36 (KHTML, like Gecko) Chrome/64.0.3282.144 Safari/537.36","0","1","0","United States","United States","high school","0","United States","17",,,,,,"0","0","0","0","0","English",,,,,,,"0","0","0","0","0","0","17",,,
"8989","2018-02-26 15:09:00","Mozilla/5.0 (Macintosh; Intel Mac OS X 10_13_3) AppleWebKit/537.36 (KHTML, like Gecko) Chrome/64.0.3282.167 Safari/537.36","0","2","1","United States","United States","graduate school","1","United Kingdom","0","United States","France",,,,"18","3","0","0","0","English",,,,,,,"0","0","0","0","0","0","21",,,
"8990","2018-02-27 08:10:25","Mozilla/5.0 (Macintosh; Intel Mac OS X 10_12_5) AppleWebKit/537.36 (KHTML, like Gecko) Chrome/64.0.3282.167 Safari/537.36","1","0","0",,,,"0","Angola","0",,,,,,"0","0","0","0","0",,,,,,,,"0","0","0","0","0","0","0",,,
"8991","2018-02-27 12:35:32","Mozilla/5.0 (Windows NT 10.0; Win64; x64) AppleWebKit/537.36 (KHTML, like Gecko) Chrome/63.0.3239.132 Safari/537.36","0","1","0","United Kingdom","United Kingdom","high school","1","United Kingdom","24",,,,,,"0","0","0","0","0","English",,,,,,,"0","0","0","0","0","0","24",,,
"8992","2018-02-27 12:43:06","Mozilla/5.0 (Windows NT 10.0; Win64; x64) AppleWebKit/537.36 (KHTML, like Gecko) Chrome/64.0.3282.167 Safari/537.36","0","1","0","Finland","Finland","high school","0","Finland","21",,,,,,"0","0","0","0","0","Finnish",,,,,,,"0","0","0","0","0","0","21",,,
"8993","2018-02-27 13:12:49","Mozilla/5.0 (Windows NT 10.0; Win64; x64) AppleWebKit/537.36 (KHTML, like Gecko) Chrome/64.0.3282.186 Safari/537.36","0","0","0",,,,"0","Afghanistan","0",,,,,,"0","0","0","0","0",,,,,,,,"0","0","0","0","0","0","0",,,
"8994","2018-02-27 14:14:32","Mozilla/5.0 (Windows NT 6.1; WOW64) AppleWebKit/537.36 (KHTML, like Gecko) Chrome/64.0.3282.167 Safari/537.36","0","1","0","United Kingdom","United Kingdom","college","1","United Kingdom","24",,,,,,"0","0","0","0","0","English",,,,,,,"0","0","0","0","0","0","24",,,
"8995","2018-02-28 14:56:25","Mozilla/5.0 (Windows NT 6.3; Win64; x64) AppleWebKit/537.36 (KHTML, like Gecko) Chrome/64.0.3282.167 Safari/537.36","0","1","0","United States","United States","college","1","United States","20",,,,,,"0","0","0","0","0","English",,,,,,,"0","0","0","0","0","0","20",,,
"8996","2018-02-28 15:13:45","Mozilla/5.0 (Macintosh; Intel Mac OS X 10_13_3) AppleWebKit/537.36 (KHTML, like Gecko) Chrome/63.0.3239.108 Safari/537.36 OPR/50.0.2762.45","0","2","0","Italy","Italy","graduate school","1","Italy","29",,,,,,"0","0","0","0","0","Italian",,,,,,,"0","0","0","0","0","0","29",,,
"8997","2018-02-28 15:29:09","Mozilla/5.0 (Windows NT 6.1; Win64; x64) AppleWebKit/537.36 (KHTML, like Gecko) Chrome/64.0.3282.186 Safari/537.36","0","1","0","United States","United States","professional school","1","United States","55",,,,,,"0","0","0","0","0","English",,,,,,,"0","0","0","0","0","0","55",,,
"8998","2018-02-28 18:39:10","Mozilla/5.0 (Macintosh; Intel Mac OS X 10.12; rv:58.0) Gecko/20100101 Firefox/58.0","0","2","0",,,,"0","United States","0",,,,,,"0","0","0","0","0",,,,,,,,"0","0","0","0","0","0","0",,,
"8999","2018-02-28 18:39:53","Mozilla/5.0 (Macintosh; Intel Mac OS X 10_10_5) AppleWebKit/537.36 (KHTML, like Gecko) Chrome/64.0.3282.186 Safari/537.36","0","2","1","Norway","Norway","graduate school","1","United States","3","Norway",,,,,"18","0","0","0","0","Norwegian",,,,,,,"0","0","0","0","0","0","21",,,
"9000","2018-02-28 18:40:10","Mozilla/5.0 (Macintosh; Intel Mac OS X 10_10_3) AppleWebKit/537.36 (KHTML, like Gecko) Chrome/64.0.3282.186 Safari/537.36","0","1","0","Italy","Ireland","college","1","United States","28",,,,,,"0","0","0","0","0","English",,,,,,,"0","0","0","0","0","0","28",,,
"9001","2018-02-28 18:40:24","Mozilla/5.0 (iPad; CPU OS 11_2_2 like Mac OS X) AppleWebKit/604.4.7 (KHTML, like Gecko) Version/11.0 Mobile/15C202 Safari/604.1","0","2","0","United States","United States","college","1","United States","32",,,,,,"0","0","0","0","0","English",,,,,,,"0","0","0","0","0","0","32",,,
"9002","2018-02-28 18:40:37","Mozilla/5.0 (Macintosh; Intel Mac OS X 10_13_2) AppleWebKit/537.36 (KHTML, like Gecko) Chrome/63.0.3239.132 Safari/537.36","0","2","1","Sweden","Sweden","college","1","United States","4","Sweden",,,,,"22","0","0","0","0","Swedish",,,,,,,"0","0","0","0","0","0","25",,,
"9003","2018-02-28 18:41:00","Mozilla/5.0 (Windows NT 10.0; Win64; x64) AppleWebKit/537.36 (KHTML, like Gecko) Chrome/64.0.3282.186 Safari/537.36","0","1","0","United States","United States","college","0","United States","28",,,,,,"0","0","0","0","0","English",,,,,,,"0","0","0","0","0","0","28",,,
"9004","2018-02-28 18:41:06","Mozilla/5.0 (iPad; CPU OS 11_2_2 like Mac OS X) AppleWebKit/604.4.7 (KHTML, like Gecko) Version/11.0 Mobile/15C202 Safari/604.1","0","3","0","United States","United States","college","1","United States","32",,,,,,"0","0","0","0","0","English",,,,,,,"0","0","0","0","0","0","32",,,
"9005","2018-02-28 18:41:11","Mozilla/5.0 (Macintosh; Intel Mac OS X 10_12_6) AppleWebKit/537.36 (KHTML, like Gecko) Chrome/64.0.3282.167 Safari/537.36","0","3","0","Germany","Hong Kong","college","1","Germany","0",,,,,,"0","0","0","0","0","English",,,,,,,"0","0","0","0","0","0","25",,,
"9006","2018-02-28 18:41:56","Mozilla/5.0 (Macintosh; Intel Mac OS X 10_11_6) AppleWebKit/537.36 (KHTML, like Gecko) Chrome/64.0.3282.167 Safari/537.36","0","1","0","United States","United States","graduate school","1","United States","22",,,,,,"0","0","0","0","0","English",,,,,,,"0","0","0","0","0","0","22",,,
"9007","2018-02-28 18:42:23","Mozilla/5.0 (Windows NT 10.0; Win64; x64) AppleWebKit/537.36 (KHTML, like Gecko) Chrome/63.0.3239.132 Safari/537.36","0","1","1","United States","United States","graduate school","1","United States","4","Chile",,,,,"18","0","0","0","0","English",,,,,,,"0","0","0","0","0","0","22",,,
"9008","2018-02-28 18:42:40","Mozilla/5.0 (Macintosh; Intel Mac OS X 10_13_2) AppleWebKit/537.36 (KHTML, like Gecko) Chrome/63.0.3239.132 Safari/537.36","0","3","1","Sweden","Sweden","college","1","United States","4",,,,,,"0","0","0","0","0","Swedish",,,,,,,"0","0","0","0","0","0","25",,,
"9009","2018-02-28 18:42:47","Mozilla/5.0 (Macintosh; Intel Mac OS X 10_10_5) AppleWebKit/537.36 (KHTML, like Gecko) Chrome/64.0.3282.167 Safari/537.36","0","1","0","China","Italy","college","0","United States","23",,,,,,"0","0","0","0","0","English",,,,,,,"0","0","0","0","0","0","23",,,
"9010","2018-02-28 18:43:28","Mozilla/5.0 (Macintosh; Intel Mac OS X 10_10_0) AppleWebKit/537.36 (KHTML, like Gecko) Chrome/64.0.3282.167 Safari/537.36","0","2","1","Norway","Norway","college","1","United States","0","Norway","Australia",,,,"0","0","0","0","0","Norwegian",,,,,,,"0","0","0","0","0","0","22",,,
"9011","2018-02-28 18:44:38","Mozilla/5.0 (Macintosh; Intel Mac OS X 10_10_5) AppleWebKit/537.36 (KHTML, like Gecko) Chrome/64.0.3282.186 Safari/537.36","0","2","1","Norway","Norway","graduate school","1","United States","3","Norway",,,,,"19","0","0","0","0","Norwegian",,,,,,,"0","0","0","0","0","0","22",,,
"9012","2018-02-28 18:46:11","Mozilla/5.0 (Windows NT 10.0; Win64; x64) AppleWebKit/537.36 (KHTML, like Gecko) Chrome/63.0.3239.132 Safari/537.36","0","2","1","United States","United States","graduate school","1","United States","4",,,,,,"0","0","0","0","0","English",,,,,,,"0","0","0","0","0","0","22",,,
"9013","2018-02-28 18:49:39","Mozilla/5.0 (Windows NT 10.0; Win64; x64) AppleWebKit/537.36 (KHTML, like Gecko) Chrome/64.0.3282.186 Safari/537.36","0","1","1","Tunisia","Tunisia","graduate school","0","Tunisia","14",,,,,,"0","0","0","0","0","French",,,,,,,"0","0","0","0","0","0","27",,,
"9014","2018-03-01 11:40:24","Mozilla/5.0 (Windows NT 10.0; Win64; x64) AppleWebKit/537.36 (KHTML, like Gecko) Chrome/64.0.3282.186 Safari/537.36","0","1","0","United States","United States",,"1","United States","0",,,,,,"0","0","0","0","0","English",,,,,,,"0","0","0","0","0","0","20",,,
"9015","2018-03-01 11:42:26","Mozilla/5.0 (Windows NT 10.0; Win64; x64) AppleWebKit/537.36 (KHTML, like Gecko) Chrome/64.0.3282.186 Safari/537.36","0","2","0","United States","United States",,"1","United States","0",,,,,,"0","0","0","0","0","English",,,,,,,"0","0","0","0","0","0","20",,,
"9016","2018-03-01 11:42:49","Mozilla/5.0 (Windows NT 10.0; Win64; x64) AppleWebKit/537.36 (KHTML, like Gecko) Chrome/64.0.3282.186 Safari/537.36","0","2","0","United States","United States",,"1","United States","0",,,,,,"0","0","0","0","0","English",,,,,,,"0","0","0","0","0","0","20",,,
"9017","2018-03-01 22:28:04","Mozilla/5.0 (Windows NT 10.0; Win64; x64) AppleWebKit/537.36 (KHTML, like Gecko) Chrome/64.0.3282.167 Safari/537.36","0","1","0","Australia","Australia","college","1","Australia","18",,,,,,"0","0","0","0","0","English",,,,,,,"0","0","0","0","0","0","18",,,
"9018","2018-03-02 01:47:29","Mozilla/5.0 (Windows NT 6.1; Win64; x64; rv:58.0) Gecko/20100101 Firefox/58.0","0","1","0","Germany","Germany","high school","1","Germany","29",,,,,,"0","0","0","0","0","German",,,,,,,"0","0","0","0","0","0","29",,,
"9019","2018-03-02 11:04:26","Mozilla/5.0 (Windows NT 6.1; Win64; x64) AppleWebKit/537.36 (KHTML, like Gecko) Chrome/64.0.3282.186 Safari/537.36","0","1","0",,,,"0","United States","18",,,,,,"0","0","0","0","0","English",,,,,,,"0","0","0","0","0","0","18",,,
"9020","2018-03-03 02:28:11","Mozilla/5.0 (Windows NT 10.0; Win64; x64) AppleWebKit/537.36 (KHTML, like Gecko) Chrome/64.0.3282.186 Safari/537.36","0","1","0","United States","United States","college","1","United States","19",,,,,,"0","0","0","0","0","English",,,,,,,"0","0","0","0","0","0","18",,,
"9021","2018-03-03 17:49:08","Mozilla/5.0 (Windows NT 10.0; Win64; x64; rv:57.0) Gecko/20100101 Firefox/57.0","0","1","0",,,,"0","United States","0",,,,,,"0","0","0","0","0",,,,,,,,"0","0","0","0","0","0","0",,,
"9022","2018-03-04 00:56:12","Mozilla/5.0 (Macintosh; Intel Mac OS X 10_10_5) AppleWebKit/537.36 (KHTML, like Gecko) Chrome/64.0.3282.186 Safari/537.36","0","0","0",,,,"0","United States","0",,,,,,"0","0","0","0","0",,,,,,,,"0","0","0","0","0","0","0",,,
"9023","2018-03-04 00:56:15","Mozilla/5.0 (Windows NT 10.0; Win64; x64) AppleWebKit/537.36 (KHTML, like Gecko) Chrome/64.0.3282.186 Safari/537.36","0","0","0",,,,"0","United States","0",,,,,,"0","0","0","0","0",,,,,,,,"0","0","0","0","0","0","0",,,
"9024","2018-03-04 03:58:29","Mozilla/5.0 (Macintosh; Intel Mac OS X 10_11_6) AppleWebKit/601.7.7 (KHTML, like Gecko) Version/9.1.2 Safari/601.7.7","0","0","0",,,,"0","Australia","0",,,,,,"0","0","0","0","0",,,,,,,,"0","0","0","0","0","0","0",,,
"9025","2018-03-04 19:33:14","Mozilla/5.0 (Windows NT 10.0; Win64; x64) AppleWebKit/537.36 (KHTML, like Gecko) Chrome/64.0.3282.186 Safari/537.36","0","1","0","India","India","college","1","India","23",,,,,,"0","0","0","0","0","Standard Hindi",,,,,,,"0","0","0","0","0","0","23",,,
"9026","2018-03-04 20:27:11","Mozilla/5.0 (Macintosh; Intel Mac OS X 10_11_6) AppleWebKit/537.36 (KHTML, like Gecko) Chrome/64.0.3282.167 Safari/537.36","0","2","0","Viet Nam","Viet Nam","college","0","United States","22",,,,,,"0","0","0","0","0","English",,,,,,,"0","0","0","0","0","0","22",,,
"9027","2018-03-05 01:02:44","Mozilla/5.0 (Macintosh; Intel Mac OS X 10.13; rv:58.0) Gecko/20100101 Firefox/58.0","0","1","1","Italy",,,"0","Hong Kong","0",,,,,,"0","0","0","0","0","Italian",,,,,,,"0","0","0","0","0","0","17",,,
"9028","2018-03-05 11:53:51","Mozilla/5.0 (Macintosh; Intel Mac OS X 10_12_5) AppleWebKit/537.36 (KHTML, like Gecko) Chrome/64.0.3282.186 Safari/537.36","1","0","0",,,,"0","Afghanistan","0",,,,,,"0","0","0","0","0",,,,,,,,"0","0","0","0","0","0","0",,,
"9029","2018-03-05 13:26:09","Mozilla/5.0 (Macintosh; Intel Mac OS X 10_12_6) AppleWebKit/604.5.6 (KHTML, like Gecko) Version/11.0.3 Safari/604.5.6","0","2","0","Ireland","United States","college","1","United States","19",,,,,,"0","0","0","0","0","English",,,,,,,"0","0","0","0","0","0","19",,,
"9030","2018-03-05 13:26:42","Mozilla/5.0 (Macintosh; Intel Mac OS X 10_11_6) AppleWebKit/601.7.8 (KHTML, like Gecko) Version/9.1.2 Safari/601.7.7","0","1","0","Ireland","Germany","college","0","United States","24",,,,,,"0","0","0","0","0","English",,,,,,,"0","0","0","0","0","0","24",,,
"9031","2018-03-05 14:03:26","Mozilla/5.0 (Windows NT 10.0; Win64; x64) AppleWebKit/537.36 (KHTML, like Gecko) Chrome/64.0.3282.186 Safari/537.36","0","3","0",,,,"1","United States","17",,,,,,"0","0","0","0","0","English",,,,,,,"0","0","0","0","0","0","17",,,
"9032","2018-03-05 20:46:06","Mozilla/5.0 (Macintosh; Intel Mac OS X 10_13_2) AppleWebKit/537.36 (KHTML, like Gecko) Chrome/63.0.3239.132 Safari/537.36","0","1","0","United States","United States","college","1","United States","20",,,,,,"0","0","0","0","0","English",,,,,,,"0","0","0","0","0","0","20",,,
"9033","2018-03-05 23:09:25","Mozilla/5.0 (Windows NT 10.0; Win64; x64) AppleWebKit/537.36 (KHTML, like Gecko) Chrome/64.0.3282.186 Safari/537.36","0","2","0","Poland","Poland","graduate school","0","Poland","22",,,,,,"0","0","0","0","0","Polish",,,,,,,"0","0","0","0","0","0","22",,,
"9034","2018-03-05 23:17:24","Mozilla/5.0 (Windows NT 6.1; Win64; x64) AppleWebKit/537.36 (KHTML, like Gecko) Chrome/64.0.3282.186 Safari/537.36","0","1","0","Canada","Canada","PhD","0","Canada","21",,,,,,"0","0","0","0","0","English",,,,,,,"0","0","0","0","0","0","21",,,
"9035","2018-03-06 18:10:18","Mozilla/5.0 (Windows NT 10.0; Win64; x64) AppleWebKit/537.36 (KHTML, like Gecko) Chrome/64.0.3282.186 Safari/537.36","0","2","1","Trinidad And Tobago","Trinidad And Tobago","high school","1","Canada","22","Trinidad And Tobago","Canada",,,,"7","22","0","0","0","English",,,,,,,"0","0","0","0","0","0","29",,,
"9036","2018-03-06 20:57:32","Mozilla/5.0 (Macintosh; Intel Mac OS X 10_11_6) AppleWebKit/537.36 (KHTML, like Gecko) Chrome/64.0.3282.167 Safari/537.36","0","2","0","Viet Nam","Viet Nam","college","0","United States","22",,,,,,"0","0","0","0","0","English",,,,,,,"0","0","0","0","0","0","22",,,
"9037","2018-03-07 06:34:07","Mozilla/5.0 (Windows NT 6.3; Win64; x64) AppleWebKit/537.36 (KHTML, like Gecko) Chrome/64.0.3282.186 Safari/537.36","0","1","1","Romania","Hungary","high school","0","Romania","11",,,,,,"0","0","0","0","0","Hungarian",,,,,,,"0","0","0","0","0","0","39",,,
"9038","2018-03-07 08:47:26","Mozilla/5.0 (Macintosh; Intel Mac OS X 10_11_6) AppleWebKit/537.36 (KHTML, like Gecko) Chrome/64.0.3282.167 Safari/537.36","0","2","0",,,"college","0","United States","0",,,,,,"0","0","0","0","0",,,,,,,,"0","0","0","0","0","0","22",,,
"9039","2018-03-07 08:53:05","Mozilla/5.0 (Macintosh; Intel Mac OS X 10_11_6) AppleWebKit/537.36 (KHTML, like Gecko) Chrome/64.0.3282.167 Safari/537.36","0","2","0",,,"college","0","Aland Islands","0",,,,,,"0","0","0","0","0",,,,,,,,"0","0","0","0","0","0","22",,,
"9040","2018-03-07 08:53:40","Mozilla/5.0 (Macintosh; Intel Mac OS X 10_11_6) AppleWebKit/537.36 (KHTML, like Gecko) Chrome/64.0.3282.167 Safari/537.36","0","2","0","Viet Nam","Viet Nam","college","0","United States","22",,,,,,"0","0","0","0","0","English",,,,,,,"0","0","0","0","0","0","22",,,
"9041","2018-03-07 08:57:51","Mozilla/5.0 (Macintosh; Intel Mac OS X 10_8_5) AppleWebKit/537.36 (KHTML, like Gecko) Chrome/49.0.2623.112 Safari/537.36","0","2","1","Canada","Canada","graduate school","1","Germany","10","United States",,,,,"11","0","0","0","0","English",,,,,,,"0","0","0","0","0","0","21",,,
"9042","2018-03-07 11:22:48","Mozilla/5.0 (Macintosh; Intel Mac OS X 10_11_6) AppleWebKit/604.5.6 (KHTML, like Gecko) Version/11.0.3 Safari/604.5.6","0","1","0","Ireland","Ireland","professional school","1","United States","19",,,,,,"0","0","0","0","0","English",,,,,,,"0","0","0","0","0","0","19",,,
"9043","2018-03-07 11:35:42","Mozilla/5.0 (Macintosh; Intel Mac OS X 10_12_5) AppleWebKit/537.36 (KHTML, like Gecko) Chrome/64.0.3282.186 Safari/537.36","1","0","0",,,,"0","Antigua And Barbuda","0",,,,,,"0","0","0","0","0",,,,,,,,"0","0","0","0","0","0","0",,,
"9044","2018-03-07 11:45:32","Mozilla/5.0 (Macintosh; Intel Mac OS X 10_12_5) AppleWebKit/537.36 (KHTML, like Gecko) Chrome/64.0.3282.186 Safari/537.36","1","0","0",,,,"0","Argentina","0",,,,,,"0","0","0","0","0",,,,,,,,"0","0","0","0","0","0","0",,,
"9045","2018-03-07 14:56:24","Mozilla/5.0 (Windows NT 10.0; Win64; x64) AppleWebKit/537.36 (KHTML, like Gecko) Chrome/64.0.3282.186 Safari/537.36","0","1","0","China","Taiwan","PhD","1","United States","23",,,,,,"0","0","0","0","0","English",,,,,,,"0","0","0","0","0","0","23",,,
"9046","2018-03-07 17:29:08","Mozilla/5.0 (Macintosh; Intel Mac OS X 10_12_5) AppleWebKit/537.36 (KHTML, like Gecko) Chrome/64.0.3282.186 Safari/537.36","1","0","0",,,,"0","Argentina","0",,,,,,"0","0","0","0","0",,,,,,,,"0","0","0","0","0","0","0",,,
"9047","2018-03-07 20:24:46","Mozilla/5.0 (Macintosh; Intel Mac OS X 10_13_3) AppleWebKit/537.36 (KHTML, like Gecko) Chrome/63.0.3239.132 Safari/537.36","0","1","0",,,"college","0","United States","20",,,,,,"0","0","0","0","0","English",,,,,,,"0","0","0","0","0","0","20",,,
"9048","2018-03-08 12:46:12","Mozilla/5.0 (Windows NT 10.0; Win64; x64) AppleWebKit/537.36 (KHTML, like Gecko) Chrome/64.0.3282.186 Safari/537.36","0","2","0",,,"college","0","United States","0",,,,,,"0","0","0","0","0",,,,,,,,"0","0","0","0","0","0","20",,,
"9049","2018-03-08 14:26:11","Mozilla/5.0 (Windows NT 10.0; Win64; x64; rv:58.0) Gecko/20100101 Firefox/58.0","0","1","1","Norway","Norway","high school","1","Norway","2","Norway","Italy",,,,"3","6","0","0","0","Norwegian","Italian",,,,,,"4","0","0","0","0","0","14",,,
"9050","2018-03-09 06:37:09","Mozilla/5.0 (X11; Linux x86_64) AppleWebKit/537.36 (KHTML, like Gecko) Chrome/64.0.3282.186 Safari/537.36","0","1","0",,,,"0","Latvia","0",,,,,,"0","0","0","0","0",,,,,,,,"0","0","0","0","0","0","22",,,
"9051","2018-03-09 19:57:12","Mozilla/5.0 (Windows NT 10.0; Win64; x64) AppleWebKit/537.36 (KHTML, like Gecko) Chrome/64.0.3282.186 Safari/537.36","0","1","0","United States","United States","college","0","United States","17",,,,,,"0","0","0","0","0","English",,,,,,,"0","0","0","0","0","0","17",,,
"9052","2018-03-10 15:00:52","Mozilla/5.0 (Macintosh; Intel Mac OS X 10_13_3) AppleWebKit/604.5.6 (KHTML, like Gecko) Version/11.0.3 Safari/604.5.6","0","0","0",,,,"0","United States","0",,,,,,"0","0","0","0","0",,,,,,,,"0","0","0","0","0","0","0",,,
"9053","2018-03-11 08:43:31","Mozilla/5.0 (Windows NT 10.0; Win64; x64; rv:52.0) Gecko/20100101 Firefox/52.0","0","1","0",,,,"0","United States","0",,,,,,"0","0","0","0","0",,,,,,,,"0","0","0","0","0","0","22",,,
"9054","2018-03-11 11:15:15","Mozilla/5.0 (Macintosh; Intel Mac OS X 10_13_1) AppleWebKit/604.3.5 (KHTML, like Gecko) Version/11.0.1 Safari/604.3.5","0","2","1","Switzerland","Switzerland","college","0","Switzerland","0","United States",,,,,"1","0","0","0","0","German",,,,,,,"0","0","0","0","0","0","33",,,
"9055","2018-03-11 13:25:39","Mozilla/5.0 (Windows NT 10.0; Win64; x64; rv:58.0) Gecko/20100101 Firefox/58.0","0","2","1",,,"graduate school","1","United Kingdom","65","United Kingdom","Egypt",,,,"5","3","0","0","0","English",,,,,,,"0","0","0","0","0","0","73",,,
"9056","2018-03-11 19:41:59","Mozilla/5.0 (Windows NT 10.0; Win64; x64) AppleWebKit/537.36 (KHTML, like Gecko) Chrome/64.0.3282.186 Safari/537.36","0","0","0",,,,"0","United States","0",,,,,,"0","0","0","0","0",,,,,,,,"0","0","0","0","0","0","0",,,
"9057","2018-03-11 21:02:08","Mozilla/5.0 (Macintosh; Intel Mac OS X 10_11_6) AppleWebKit/537.36 (KHTML, like Gecko) Chrome/63.0.3239.132 Safari/537.36","0","2","0","United States","United States","college","1","United States","26",,,,,,"0","0","0","0","0","English",,,,,,,"0","0","0","0","0","0","26",,,
"9058","2018-03-12 00:39:15","Mozilla/5.0 (Windows NT 6.1) AppleWebKit/537.36 (KHTML, like Gecko) Chrome/64.0.3282.186 Safari/537.36","0","1","1","Hungary","Hungary","graduate school","1","Hungary","15","Germany",,,,,"1","0","0","0","0","Hungarian",,,,,,,"0","0","0","0","0","0","38",,,
"9059","2018-03-12 11:59:53","Mozilla/5.0 (Macintosh; Intel Mac OS X 10_11_6) AppleWebKit/537.36 (KHTML, like Gecko) Chrome/64.0.3282.186 Safari/537.36","0","1","0",,,,"0","United States","0",,,,,,"0","0","0","0","0",,,,,,,,"0","0","0","0","0","0","21",,,
"9060","2018-03-12 16:19:48","Mozilla/5.0 (Macintosh; Intel Mac OS X 10_12_4) AppleWebKit/537.36 (KHTML, like Gecko) Chrome/64.0.3282.186 Safari/537.36","0","2","0","United States","United States","graduate school","1","United States","34",,,,,,"0","0","0","0","0","English",,,,,,,"0","0","0","0","0","0","34",,,
"9061","2018-03-13 02:32:06","Mozilla/5.0 (X11; CrOS x86_64 9460.60.0) AppleWebKit/537.36 (KHTML, like Gecko) Chrome/59.0.3071.91 Safari/537.36","0","2","0","Pakistan","United Kingdom","college","1","United Kingdom","18",,,,,,"0","0","0","0","0",,,,,,,,"0","0","0","0","0","0","18",,,
"9062","2018-03-13 05:07:56","Mozilla/5.0 (Windows NT 10.0; Win64; x64) AppleWebKit/537.36 (KHTML, like Gecko) Chrome/64.0.3282.186 Safari/537.36","0","2","0","Romania","Romania","college","1","Romania","50",,,,,,"0","0","0","0","0","Romanian",,,,,,,"0","0","0","0","0","0","50",,,
"9063","2018-03-13 08:40:56","Mozilla/5.0 (Windows NT 10.0; Win64; x64) AppleWebKit/537.36 (KHTML, like Gecko) Chrome/64.0.3282.186 Safari/537.36","0","2","0","United States","United States","graduate school","1","United States","0",,,,,,"0","0","0","0","0","English",,,,,,,"0","0","0","0","0","0","27",,,
"9064","2018-03-13 13:05:48","Mozilla/5.0 (Macintosh; Intel Mac OS X 10_13_3) AppleWebKit/537.36 (KHTML, like Gecko) Chrome/65.0.3325.146 Safari/537.36","0","2","0","United States","United States","college","1","United States","45",,,,,,"0","0","0","0","0","English",,,,,,,"0","0","0","0","0","0","45",,,
"9065","2018-03-13 15:20:00","Mozilla/5.0 (Macintosh; Intel Mac OS X 10_11_6) AppleWebKit/537.36 (KHTML, like Gecko) Chrome/63.0.3239.132 Safari/537.36","0","1","0","United States","United States","PhD","1","United States","20",,,,,,"0","0","0","0","0","English",,,,,,,"0","0","0","0","0","0","20",,,
"9066","2018-03-13 17:13:03","Mozilla/5.0 (Windows NT 6.3; Win64; x64) AppleWebKit/537.36 (KHTML, like Gecko) Chrome/64.0.3282.186 Safari/537.36","0","0","0",,,,"0","United States","0",,,,,,"0","0","0","0","0",,,,,,,,"0","0","0","0","0","0","0",,,
"9067","2018-03-14 03:26:08","Mozilla/5.0 (Windows NT 6.1; rv:59.0) Gecko/20100101 Firefox/59.0","0","1","0","India","India","PhD","0","India","26",,,,,,"0","0","0","0","0","Standard Hindi",,,,,,,"0","0","0","0","0","0","26",,,
"9068","2018-03-14 10:56:42","Mozilla/5.0 (Windows NT 10.0; Win64; x64) AppleWebKit/537.36 (KHTML, like Gecko) Chrome/64.0.3282.140 Safari/537.36","0","1","1","United States","United States","graduate school","1","Australia","10","United States",,,,,"26","0","0","0","0","English",,,,,,,"0","0","0","0","0","0","42",,,
"9069","2018-03-14 17:27:34","Mozilla/5.0 (Macintosh; Intel Mac OS X 10_12_1) AppleWebKit/537.36 (KHTML, like Gecko) Chrome/64.0.3282.167 Safari/537.36","1","2","1","Georgia","Georgia","college","0","United States","7",,,,,,"0","0","0","0","0","Other",,,,,,,"0","0","0","0","0","0","20",,,
"9070","2018-03-15 04:39:51","Mozilla/5.0 (Macintosh; Intel Mac OS X 10_10_5) AppleWebKit/537.36 (KHTML, like Gecko) Chrome/51.0.2704.84 Safari/537.36","0","2","0","Aland Islands","Aland Islands","graduate school","0","Wallis And Futuna","5",,,,,,"0","0","0","0","0","English",,,,,,,"0","0","0","0","0","0","24",,,
"9071","2018-03-16 04:54:46","Mozilla/5.0 (Windows NT 10.0; Win64; x64) AppleWebKit/537.36 (KHTML, like Gecko) Chrome/64.0.3282.186 Safari/537.36","0","1","0","Slovenia","Norway","high school","0","United States","13",,,,,,"0","0","0","0","0","English","German",,,,,,"2","0","0","0","0","0","13",,,
"9072","2018-03-17 07:58:09","Mozilla/5.0 (Windows NT 10.0; Win64; x64; rv:60.0) Gecko/20100101 Firefox/60.0","0","1","0","United States","United States","college","1","United States","20",,,,,,"0","0","0","0","0","English",,,,,,,"0","0","0","0","0","0","20",,,
"9073","2018-03-17 12:19:49","Mozilla/5.0 (Windows NT 10.0; WOW64) AppleWebKit/537.36 (KHTML, like Gecko) Chrome/63.0.3239.132 YaBrowser/18.2.0.284 Yowser/2.5 Safari/537.36","0","1","0","Kazakhstan","Russian Federation","professional school","1","Russian Federation","30",,,,,,"0","0","0","0","0","Russian",,,,,,,"0","0","0","0","0","0","30",,,
"9074","2018-03-18 03:20:39","Mozilla/5.0 (Windows NT 10.0; Win64; x64) AppleWebKit/537.36 (KHTML, like Gecko) Chrome/64.0.3282.186 Safari/537.36","0","1","0","Poland","Poland","PhD","1","Poland","43",,,,,,"0","0","0","0","0","Polish",,,,,,,"0","0","0","0","0","0","43",,,
"9075","2018-03-18 10:55:22","Mozilla/5.0 (Linux; Android 7.0; SM-T813 Build/NRD90M) AppleWebKit/537.36 (KHTML, like Gecko) Chrome/65.0.3325.109 Safari/537.36","0","2","0","Iceland","Iceland","high school","1","Iceland","50",,,,,,"0","0","0","0","0","Other",,,,,,,"0","0","0","0","0","0","50",,,
"9076","2018-03-18 11:35:10","Mozilla/5.0 (Windows NT 6.3; WOW64) AppleWebKit/537.36 (KHTML, like Gecko) Chrome/64.0.3282.186 Safari/537.36 OPR/51.0.2830.55","0","2","0","Poland","Poland","high school","1","Poland","0",,,,,,"0","0","0","0","0","Polish",,,,,,,"0","0","0","0","0","0","18",,,
"9077","2018-03-18 13:11:09","Mozilla/5.0 (Windows NT 10.0; Win64; x64) AppleWebKit/537.36 (KHTML, like Gecko) Chrome/64.0.3282.186 Safari/537.36","0","1","1","United States","Canada","high school","1","Canada","15","Canada",,,,,"28","0","0","0","0","English",,,,,,,"0","0","0","0","0","0","29",,,
"9078","2018-03-18 14:02:10","Mozilla/5.0 (Macintosh; Intel Mac OS X 10_13_3) AppleWebKit/537.36 (KHTML, like Gecko) Chrome/65.0.3325.146 Safari/537.36","0","2","1","Germany","Germany","graduate school","1","Denmark","2","Germany",,,,,"0","0","0","0","0","German",,,,,,,"0","0","0","0","0","0","26",,,
"9079","2018-03-18 15:58:04","Mozilla/5.0 (iPad; CPU OS 10_3_3 like Mac OS X) AppleWebKit/603.3.8 (KHTML, like Gecko) Version/10.0 Mobile/14G60 Safari/602.1","0","1","0",,,,"0","United States","0",,,,,,"0","0","0","0","0",,,,,,,,"0","0","0","0","0","0","13",,,
"9080","2018-03-18 17:18:30","Mozilla/5.0 (Windows NT 6.1; Win64; x64; rv:59.0) Gecko/20100101 Firefox/59.0","0","1","0",,,"college","0","United States","0",,,,,,"0","0","0","0","0","English",,,,,,,"0","0","0","0","0","0","22",,,
"9081","2018-03-19 00:55:04","Mozilla/5.0 (Windows NT 10.0; Win64; x64; rv:58.0) Gecko/20100101 Firefox/58.0","0","0","0",,,,"0","United States","0",,,,,,"0","0","0","0","0",,,,,,,,"0","0","0","0","0","0","0",,,
"9082","2018-03-19 09:05:12","Mozilla/5.0 (Windows NT 6.1; Win64; x64) AppleWebKit/537.36 (KHTML, like Gecko) Chrome/64.0.3282.186 Safari/537.36","0","2","0","United States","United States","college","1","United States","50",,,,,,"0","0","0","0","0","English",,,,,,,"0","0","0","0","0","0","50",,,
"9083","2018-03-19 09:44:55","Mozilla/5.0 (Windows NT 10.0; Win64; x64) AppleWebKit/537.36 (KHTML, like Gecko) Chrome/63.0.3239.132 Safari/537.36","0","1","0","United States","United States","college","1","United States","20",,,,,,"0","0","0","0","0","English",,,,,,,"0","0","0","0","0","0","20",,,
"9084","2018-03-19 11:26:47","Mozilla/5.0 (X11; CrOS x86_64 10176.76.0) AppleWebKit/537.36 (KHTML, like Gecko) Chrome/64.0.3282.190 Safari/537.36","0","1","0","United States","United States","college","1","United States","28",,,,,,"0","0","0","0","0","English",,,,,,,"0","0","0","0","0","0","28",,,
"9085","2018-03-19 16:47:34","Mozilla/5.0 (Windows NT 10.0; Win64; x64) AppleWebKit/537.36 (KHTML, like Gecko) Chrome/64.0.3282.140 Safari/537.36","0","1","0","United States","United States","college","0","United States","28",,,,,,"0","0","0","0","0","English",,,,,,,"0","0","0","0","0","0","28",,,
"9086","2018-03-20 05:06:00","Mozilla/5.0 (Windows NT 6.1; WOW64) AppleWebKit/537.36 (KHTML, like Gecko) Chrome/54.0.2840.59 Safari/537.36","0","1","1","Madagascar","Madagascar","graduate school","0","France","6",,,,,,"0","0","0","0","0","French","English","Other",,,,,"3","4","0","0","0","0","27",,,
"9087","2018-03-20 06:55:20","Mozilla/5.0 (Windows NT 6.1; WOW64) AppleWebKit/537.36 (KHTML, like Gecko) Chrome/63.0.3239.132 Safari/537.36","0","2","0","United Kingdom","United Kingdom","graduate school","1","Isle Of Man","23",,,,,,"0","0","0","0","0","English",,,,,,,"0","0","0","0","0","0","23",,,
"9088","2018-03-20 19:09:26","Mozilla/5.0 (Windows NT 10.0; Win64; x64) AppleWebKit/537.36 (KHTML, like Gecko) Chrome/64.0.3282.186 Safari/537.36 OPR/51.0.2830.55","0","1","0","United States","United States","graduate school","1","United States","20",,,,,,"0","0","0","0","0","English",,,,,,,"0","0","0","0","0","0","20",,,
"9089","2018-03-21 02:28:49","Mozilla/5.0 (Windows NT 10.0; Win64; x64) AppleWebKit/537.36 (KHTML, like Gecko) Chrome/64.0.3282.186 Safari/537.36","0","0","0",,,,"0","Portugal","0",,,,,,"0","0","0","0","0",,,,,,,,"0","0","0","0","0","0","0",,,
"9090","2018-03-22 10:20:29","Mozilla/5.0 (Windows NT 10.0; Win64; x64) AppleWebKit/537.36 (KHTML, like Gecko) Chrome/52.0.2743.116 Safari/537.36 Edge/15.15063","0","2","0","United States","United States","professional school","1","United States","37",,,,,,"0","0","0","0","0","English",,,,,,,"0","0","0","0","0","0","37",,,
"9091","2018-03-23 09:54:36","Mozilla/5.0 (Windows NT 10.0; Win64; x64) AppleWebKit/537.36 (KHTML, like Gecko) Chrome/65.0.3325.162 Safari/537.36","0","2","0","Puerto Rico","Germany","college","1","Germany","0",,,,,,"0","0","0","0","0","English",,,,,,,"0","0","0","0","0","0","20",,,
"9092","2018-03-24 04:44:32","Mozilla/5.0 (Windows NT 6.3; Win64; x64) AppleWebKit/537.36 (KHTML, like Gecko) Chrome/64.0.3282.186 Safari/537.36","0","2","0","Serbia","Bosnia And Herzegovina","high school","1","Bosnia And Herzegovina","16",,,,,,"0","0","0","0","0","Other","English",,,,,,"4","0","0","0","0","0","16",,,
"9093","2018-03-24 05:51:06","Mozilla/5.0 (Windows NT 10.0; Win64; x64) AppleWebKit/537.36 (KHTML, like Gecko) Chrome/64.0.3282.186 Safari/537.36","0","2","1","Germany","United States","PhD","1","Netherlands","7","United States",,,,,"25","0","0","0","0","English","Dutch",,,,,,"4","0","0","0","0","0","32",,,
"9094","2018-03-24 16:50:16","Mozilla/5.0 (Linux; Android 7.0; SM-T810 Build/NRD90M) AppleWebKit/537.36 (KHTML, like Gecko) Chrome/65.0.3325.109 Safari/537.36","0","2","0","United Kingdom","United Kingdom","graduate school","1","United Kingdom","44",,,,,,"0","0","0","0","0","English",,,,,,,"0","0","0","0","0","0","44",,,
"9095","2018-03-24 21:30:11","Mozilla/5.0 (Windows NT 10.0; Win64; x64) AppleWebKit/537.36 (KHTML, like Gecko) Chrome/65.0.3325.181 Safari/537.36","0","2","0","United States","United States","college","1","United States","21",,,,,,"0","0","0","0","0","English",,,,,,,"0","0","0","0","0","0","21",,,
"9096","2018-03-25 11:30:43","Mozilla/5.0 (Windows NT 10.0; Win64; x64) AppleWebKit/537.36 (KHTML, like Gecko) Chrome/65.0.3325.181 Safari/537.36","0","1","0","Netherlands","Netherlands","high school","1","Netherlands","18",,,,,,"0","0","0","0","0","Dutch",,,,,,,"0","0","0","0","0","0","18",,,
"9097","2018-03-26 00:49:56","Mozilla/5.0 (Macintosh; Intel Mac OS X 10_13_3) AppleWebKit/537.36 (KHTML, like Gecko) Chrome/65.0.3325.181 Safari/537.36","0","2","0","Switzerland","Switzerland","graduate school","1","Switzerland","26",,,,,,"0","0","0","0","0","German",,,,,,,"0","0","0","0","0","0","26",,,
"9098","2018-03-26 02:20:30","Mozilla/5.0 (Windows NT 6.1; Win64; x64; rv:59.0) Gecko/20100101 Firefox/59.0","0","2","0","Germany","Germany","graduate school","1","Germany","0",,,,,,"0","0","0","0","0","German",,,,,,,"0","0","0","0","0","0","39",,,
"9099","2018-03-26 03:38:25","Mozilla/5.0 (Windows NT 10.0; Win64; x64) AppleWebKit/537.36 (KHTML, like Gecko) Chrome/64.0.3282.186 Safari/537.36","0","1","0","Japan","Japan","college","1","United States","23",,,,,,"0","0","0","0","0","English",,,,,,,"0","0","0","0","0","0","23",,,
"9100","2018-03-26 18:36:46","Mozilla/5.0 (Windows NT 10.0; Win64; x64) AppleWebKit/537.36 (KHTML, like Gecko) Chrome/64.0.3282.186 Safari/537.36","0","2","0",,,,"0","United States","19",,,,,,"0","0","0","0","0","English",,,,,,,"0","0","0","0","0","0","19",,,
"9101","2018-03-26 21:47:42","Mozilla/5.0 (Macintosh; Intel Mac OS X 10_13_3) AppleWebKit/537.36 (KHTML, like Gecko) Chrome/65.0.3325.162 Safari/537.36","0","2","0",,,,"0","United States","0",,,,,,"0","0","0","0","0",,,,,,,,"0","0","0","0","0","0","23",,,
"9102","2018-03-28 05:24:18","Mozilla/5.0 (Windows NT 6.1; WOW64; Trident/7.0; rv:11.0) like Gecko","0","1","0","Viet Nam","Viet Nam","professional school","1","Netherlands","24",,,,,,"0","0","0","0","0","Dutch",,,,,,,"0","0","0","0","0","0","24",,,
"9103","2018-03-28 10:35:40","Mozilla/5.0 (Windows NT 10.0; Win64; x64) AppleWebKit/537.36 (KHTML, like Gecko) Chrome/64.0.3282.186 Safari/537.36","0","1","0","Poland","Poland","professional school","1","Poland","27",,,,,,"0","0","0","0","0","Polish",,,,,,,"0","0","0","0","0","0","27",,,
"9104","2018-03-28 11:23:08","Mozilla/5.0 (Windows NT 10.0; Win64; x64) AppleWebKit/537.36 (KHTML, like Gecko) Chrome/63.0.3239.108 Safari/537.36","0","2","0","United States","United States","college","0","United States","45",,,,,,"0","0","0","0","0","English",,,,,,,"0","0","0","0","0","0","45",,,
"9105","2018-03-28 17:42:45","Mozilla/5.0 (Macintosh; Intel Mac OS X 10_10_0) AppleWebKit/537.36 (KHTML, like Gecko) Chrome/65.0.3325.162 Safari/537.36","0","2","0","Australia","Australia","high school","0","Australia","15",,,,,,"0","0","0","0","0","English",,,,,,,"0","0","0","0","0","0","15",,,
"9106","2018-03-29 05:53:57","Mozilla/5.0 (Windows NT 10.0; Win64; x64) AppleWebKit/537.36 (KHTML, like Gecko) Chrome/65.0.3325.181 Safari/537.36","0","1","1","Norway","Norway","college","1","Norway","15","Norway","Sweden",,,,"41","1","0","0","0","Norwegian",,,,,,,"0","0","0","0","0","0","42",,,
"9107","2018-03-29 15:36:14","Mozilla/5.0 (Windows NT 10.0; Win64; x64) AppleWebKit/537.36 (KHTML, like Gecko) Chrome/65.0.3325.181 Safari/537.36","0","1","0","Germany","Germany","college","1","Germany","18",,,,,,"0","0","0","0","0","German",,,,,,,"0","0","0","0","0","0","18",,,
"9108","2018-03-29 20:23:22","Mozilla/5.0 (Windows NT 10.0; Win64; x64) AppleWebKit/537.36 (KHTML, like Gecko) Chrome/65.0.3325.181 Safari/537.36","0","2","1","Philippines","Philippines","college","1","Singapore","6","Philippines",,,,,"15","0","0","0","0","Other","Other","Chinese","English",,,,"3","2","4","0","0","0","21",,,
"9109","2018-03-30 20:13:17","Mozilla/5.0 (Windows NT 10.0; Win64; x64) AppleWebKit/537.36 (KHTML, like Gecko) Chrome/64.0.3282.186 Safari/537.36","0","2","0",,,,"0","United States","0",,,,,,"0","0","0","0","0",,,,,,,,"0","0","0","0","0","0","16",,,
"9110","2018-04-01 04:34:19","Mozilla/5.0 (X11; Linux x86_64) AppleWebKit/537.36 (KHTML, like Gecko) Chrome/65.0.3325.109 Safari/537.36","0","0","0","Singapore","Singapore","professional school","1","Singapore","30",,,,,,"0","0","0","0","0","English",,,,,,,"0","0","0","0","0","0","30",,,
"9111","2018-04-01 23:30:24","Mozilla/5.0 (Windows NT 6.2; Win64; x64) AppleWebKit/537.36 (KHTML, like Gecko) Chrome/65.0.3325.181 Safari/537.36","0","2","1","Macao","Macao","postdoctoral","1","Australia","14","Macao",,,,,"18","0","0","0","0","Chinese",,,,,,,"0","0","0","0","0","0","32",,,
"9112","2018-04-02 10:55:58","Mozilla/5.0 (Windows NT 6.1; Win64; x64) AppleWebKit/537.36 (KHTML, like Gecko) Chrome/65.0.3325.181 Safari/537.36 OPR/52.0.2871.40","0","1","0","Poland","Poland","professional school","1","Poland","24",,,,,,"0","0","0","0","0","Polish",,,,,,,"0","0","0","0","0","0","24",,,
"9113","2018-04-05 03:48:34","Mozilla/5.0 (Windows NT 6.3; Win64; x64; rv:59.0) Gecko/20100101 Firefox/59.0","0","2","0","Iran","Iran","professional school","1","Iran","34",,,,,,"0","0","0","0","0","Persian","English",,,,,,"4","0","0","0","0","0","34",,,
"9114","2018-04-06 10:54:55","Mozilla/5.0 (Windows NT 6.1; Win64; x64) AppleWebKit/537.36 (KHTML, like Gecko) Chrome/65.0.3325.181 Safari/537.36","0","2","0","Turkey","Turkey","high school","0","Turkey","23",,,,,,"0","0","0","0","0","Turkish",,,,,,,"0","0","0","0","0","0","23",,,
"9115","2018-04-06 13:27:35","Mozilla/5.0 (X11; CrOS x86_64 10323.67.0) AppleWebKit/537.36 (KHTML, like Gecko) Chrome/65.0.3325.209 Safari/537.36","0","1","0","United States","United States","graduate school","1","United States","67",,,,,,"0","0","0","0","0","English",,,,,,,"0","0","0","0","0","0","67",,,
"9116","2018-04-07 03:32:27","Mozilla/5.0 (Windows NT 10.0; Win64; x64; rv:59.0) Gecko/20100101 Firefox/59.0","0","1","1","Poland","Poland","high school","0","United Kingdom","16",,,,,,"0","0","0","0","0","Polish",,,,,,,"0","0","0","0","0","0","29",,,
"9117","2018-04-07 10:50:38","Mozilla/5.0 (Macintosh; Intel Mac OS X 10.11; rv:58.0) Gecko/20100101 Firefox/58.0","0","1","0","United Kingdom","United Kingdom","college","1","United Kingdom","32",,,,,,"0","0","0","0","0","English",,,,,,,"0","0","0","0","0","0","32",,,
"9118","2018-04-07 13:15:23","Mozilla/5.0 (Macintosh; Intel Mac OS X 10_12_1) AppleWebKit/537.36 (KHTML, like Gecko) Chrome/64.0.3282.186 Safari/537.36","0","2","0",,,"postdoctoral","0","United States","0",,,,,,"0","0","0","0","0",,,,,,,,"0","0","0","0","0","0","48",,,
"9119","2018-04-07 17:26:03","Mozilla/5.0 (X11; Linux x86_64) AppleWebKit/537.36 (KHTML, like Gecko) Chrome/65.0.3325.162 Safari/537.36","0","1","1","United States","Canada","PhD","1","United States","4",,,,,,"0","0","0","0","0","English",,,,,,,"0","0","0","0","0","0","23",,,
"9120","2018-04-07 21:09:23","Mozilla/5.0 (Macintosh; Intel Mac OS X 10_11_0) AppleWebKit/537.36 (KHTML, like Gecko) Chrome/64.0.3282.186 Safari/537.36","0","1","0","United Kingdom","Italy","college","1","Canada","23",,,,,,"0","0","0","0","0","English",,,,,,,"0","0","0","0","0","0","23",,,
"9121","2018-04-07 23:59:48","Mozilla/5.0 (Linux; Android 7.1.1; K92 Build/NMF26V) AppleWebKit/537.36 (KHTML, like Gecko) Chrome/65.0.3325.109 Safari/537.36","0","1","0","Dominican Republic","Dominican Republic","high school","1","United States","38",,,,,,"0","0","0","0","0","English",,,,,,,"0","0","0","0","0","0","38",,,
"9122","2018-04-08 09:11:00","Mozilla/5.0 (X11; Linux x86_64) AppleWebKit/537.36 (KHTML, like Gecko) Chrome/63.0.3239.108 Safari/537.36","0","2","1","India","India","PhD","1","United States","8","India",,,,,"21","0","0","0","0","Other",,,,,,,"0","0","0","0","0","0","29",,,
"9123","2018-04-08 13:26:06","Mozilla/5.0 (Windows NT 6.1; Win64; x64; rv:59.0) Gecko/20100101 Firefox/59.0","0","0","0",,,,"0","India","0",,,,,,"0","0","0","0","0",,,,,,,,"0","0","0","0","0","0","0",,,
"9124","2018-04-08 19:22:55","Mozilla/5.0 (iPad; CPU OS 11_2_6 like Mac OS X) AppleWebKit/604.5.6 (KHTML, like Gecko) Version/11.0 Mobile/15D100 Safari/604.1","0","2","0","United States",,"graduate school","1","United States","35",,,,,,"0","0","0","0","0","English",,,,,,,"0","0","0","0","0","0","35",,,
"9125","2018-04-08 19:23:54","Mozilla/5.0 (iPad; CPU OS 11_2_6 like Mac OS X) AppleWebKit/604.5.6 (KHTML, like Gecko) Version/11.0 Mobile/15D100 Safari/604.1","0","3","0","United States",,"graduate school","1","United States","35",,,,,,"0","0","0","0","0","English",,,,,,,"0","0","0","0","0","0","35",,,
"9126","2018-04-09 10:36:17","Mozilla/5.0 (Windows NT 10.0; Win64; x64) AppleWebKit/537.36 (KHTML, like Gecko) Chrome/65.0.3325.181 Safari/537.36","0","1","1","Serbia","Serbia","college","1","Canada","16","Serbia",,,,,"6","0","0","0","0","Serbian",,,,,,,"0","0","0","0","0","0","22",,,
"9127","2018-04-09 11:22:37","Mozilla/5.0 (Macintosh; Intel Mac OS X 10_11_6) AppleWebKit/537.36 (KHTML, like Gecko) Chrome/65.0.3325.162 Safari/537.36","0","2","0","United States","United States","college","1","United States","23",,,,,,"0","0","0","0","0","English",,,,,,,"0","0","0","0","0","0","23",,,
"9128","2018-04-09 20:46:36","Mozilla/5.0 (Windows NT 10.0; Win64; x64) AppleWebKit/537.36 (KHTML, like Gecko) Chrome/65.0.3325.181 Safari/537.36","0","3","1","New Zealand","Zambia","college","1","Australia","15",,,,,,"0","0","0","0","0","English",,,,,,,"0","0","0","0","0","0","23",,,
"9129","2018-04-10 04:46:35","Mozilla/5.0 (Windows NT 10.0; Win64; x64) AppleWebKit/537.36 (KHTML, like Gecko) Chrome/65.0.3325.181 Safari/537.36","0","2","1","Germany","Germany","college","1","Germany","0","Germany","Morocco","United Kingdom",,,"20","1","20","0","0","German",,,,,,,"0","0","0","0","0","0","42",,,
"9130","2018-04-10 05:16:50","Mozilla/5.0 (Windows NT 10.0; Win64; x64; rv:59.0) Gecko/20100101 Firefox/59.0","0","1","1","United States","United States","college","0","United Kingdom","25","United States",,,,,"30","0","0","0","0","English",,,,,,,"0","0","0","0","0","0","55",,,
"9131","2018-04-10 12:55:07","Mozilla/5.0 (Windows NT 10.0; Win64; x64) AppleWebKit/537.36 (KHTML, like Gecko) Chrome/65.0.3325.181 Safari/537.36","0","1","0","United States","United States","college","1","United States","55",,,,,,"0","0","0","0","0","English",,,,,,,"0","0","0","0","0","0","55",,,
"9132","2018-04-10 17:35:29","Mozilla/5.0 (Macintosh; Intel Mac OS X 10_12_5) AppleWebKit/537.36 (KHTML, like Gecko) Chrome/65.0.3325.181 Safari/537.36","0","1","1","France","France","graduate school","1","Australia","17","France","Guadeloupe","Central African Republic",,,"20","1","1","0","0","French",,,,,,,"0","0","0","0","0","0","48",,,
"9133","2018-04-10 23:37:55","Mozilla/5.0 (Macintosh; Intel Mac OS X 10_12_6) AppleWebKit/537.36 (KHTML, like Gecko) Chrome/65.0.3325.181 Safari/537.36","0","2","0","Taiwan","Taiwan","professional school","1","Taiwan","24",,,,,,"0","0","0","0","0","Chinese",,,,,,,"0","0","0","0","0","0","24",,,
"9134","2018-04-11 03:53:18","Mozilla/5.0 (Windows NT 10.0; Win64; x64) AppleWebKit/537.36 (KHTML, like Gecko) Chrome/65.0.3325.181 Safari/537.36","0","1","0","Malaysia","Malaysia","PhD","0","Malaysia","34",,,,,,"0","0","0","0","0","Indonesian","English",,,,,,"3","0","0","0","0","0","34",,,
"9135","2018-04-11 03:55:20","Mozilla/5.0 (Windows NT 10.0; Win64; x64) AppleWebKit/537.36 (KHTML, like Gecko) Chrome/65.0.3325.181 Safari/537.36","0","2","0","Malaysia","Malaysia","PhD","0","Malaysia","34",,,,,,"0","0","0","0","0","Indonesian",,,,,,,"0","0","0","0","0","0","34",,,
"9136","2018-04-11 06:27:38","Mozilla/5.0 (Windows NT 10.0; Win64; x64; rv:59.0) Gecko/20100101 Firefox/59.0","0","1","0",,,,"0","China","21",,,,,,"0","0","0","0","0",,,,,,,,"0","0","0","0","0","0","21",,,
"9137","2018-04-11 11:39:41","Mozilla/5.0 (Windows NT 6.1; Win64; x64; rv:59.0) Gecko/20100101 Firefox/59.0","0","2","0","United States","United States","college","1","United States","0",,,,,,"0","0","0","0","0","English",,,,,,,"0","0","0","0","0","0","28",,,
"9138","2018-04-12 07:23:30","Mozilla/5.0 (Macintosh; Intel Mac OS X 10_12_6) AppleWebKit/537.36 (KHTML, like Gecko) Chrome/65.0.3325.181 Safari/537.36","0","2","0","United Kingdom","United Kingdom","college","1","United Kingdom","19",,,,,,"0","0","0","0","0","English",,,,,,,"0","0","0","0","0","0","19",,,
"9139","2018-04-12 15:44:17","Mozilla/5.0 (Windows NT 10.0; Win64; x64) AppleWebKit/537.36 (KHTML, like Gecko) Chrome/65.0.3325.181 Safari/537.36","0","1","0","Belarus","Belarus","college","1","Belarus","22",,,,,,"0","0","0","0","0","Russian",,,,,,,"0","0","0","0","0","0","22",,,
"9140","2018-04-12 16:51:59","Mozilla/5.0 (Windows NT 10.0; Win64; x64) AppleWebKit/537.36 (KHTML, like Gecko) Chrome/65.0.3325.181 Safari/537.36","0","2","0",,"United States","graduate school","1","United States","21",,,,,,"0","0","0","0","0","English",,,,,,,"0","0","0","0","0","0","21",,,
"9141","2018-04-12 17:00:54","Mozilla/5.0 (Windows NT 10.0; Win64; x64) AppleWebKit/537.36 (KHTML, like Gecko) Chrome/65.0.3325.181 Safari/537.36","0","1","0","United States","United States","college","1","United States","21",,,,,,"0","0","0","0","0","English",,,,,,,"0","0","0","0","0","0","21",,,
"9142","2018-04-12 18:29:07","Mozilla/5.0 (Windows NT 6.1; Win64; x64) AppleWebKit/537.36 (KHTML, like Gecko) Chrome/64.0.3282.167 Safari/537.36","0","2","1","China","China","college","1","United Kingdom","1","China",,,,,"18","0","0","0","0","Chinese",,,,,,,"0","0","0","0","0","0","19",,,
"9143","2018-04-12 18:34:51","Mozilla/5.0 (Windows NT 6.1; Win64; x64) AppleWebKit/537.36 (KHTML, like Gecko) Chrome/64.0.3282.167 Safari/537.36","0","3","1","China","China","college","1","United Kingdom","1",,,,,,"0","0","0","0","0","Chinese",,,,,,,"0","0","0","0","0","0","19",,,
"9144","2018-04-13 06:10:37","Mozilla/5.0 (Windows NT 10.0; Win64; x64; rv:59.0) Gecko/20100101 Firefox/59.0","0","1","1","Hungary","Hungary","high school","1","Hungary","10","Portugal",,,,,"4","0","0","0","0","Hungarian",,,,,,,"0","0","0","0","0","0","17",,,
"9145","2018-04-13 14:42:07","Mozilla/5.0 (Macintosh; Intel Mac OS X 10_13_3) AppleWebKit/604.5.6 (KHTML, like Gecko) Version/11.0.3 Safari/604.5.6","0","2","0","Italy","Italy","high school","1","Italy","29",,,,,,"0","0","0","0","0","Italian",,,,,,,"0","0","0","0","0","0","29",,,
"9146","2018-04-15 03:47:11","Mozilla/5.0 (Macintosh; Intel Mac OS X 10_13_4) AppleWebKit/537.36 (KHTML, like Gecko) Chrome/65.0.3325.181 Safari/537.36","0","1","0","Republic of Korea","Republic of Korea","graduate school","1","Republic of Korea","38",,,,,,"0","0","0","0","0","Korean",,,,,,,"0","0","0","0","0","0","38",,,
"9147","2018-04-15 10:37:47","Mozilla/5.0 (Macintosh; Intel Mac OS X 10_11_3) AppleWebKit/601.4.4 (KHTML, like Gecko) Version/9.0.3 Safari/601.4.4","0","2","0",,,"college","0","Canada","19",,,,,,"0","0","0","0","0","English",,,,,,,"0","0","0","0","0","0","19",,,
"9148","2018-04-15 11:12:51","Mozilla/5.0 (Macintosh; Intel Mac OS X 10_13_1) AppleWebKit/537.36 (KHTML, like Gecko) Chrome/65.0.3325.181 Safari/537.36","0","2","0",,,"graduate school","1","United Kingdom","19",,,,,,"0","0","0","0","0","English",,,,,,,"0","0","0","0","0","0","19",,,
"9149","2018-04-16 02:19:12","Mozilla/5.0 (iPad; CPU OS 11_2_6 like Mac OS X) AppleWebKit/604.5.6 (KHTML, like Gecko) Version/11.0 Mobile/15D100 Safari/604.1","0","2","0","United States","United States","college","1","United States","31",,,,,,"0","0","0","0","0","English",,,,,,,"0","0","0","0","0","0","31",,,
"9150","2018-04-17 09:19:57","Mozilla/5.0 (Windows NT 10.0; Win64; x64) AppleWebKit/537.36 (KHTML, like Gecko) Chrome/65.0.3325.181 Safari/537.36","0","0","0",,,,"0","United Kingdom","0",,,,,,"0","0","0","0","0",,,,,,,,"0","0","0","0","0","0","0",,,
"9151","2018-04-17 17:28:54","Mozilla/5.0 (Macintosh; Intel Mac OS X 10_13_3) AppleWebKit/537.36 (KHTML, like Gecko) Chrome/65.0.3325.181 Safari/537.36","0","2","1","Canada","Canada","college","1","United States","4","United States","China",,,,"13","2","0","0","0","English",,,,,,,"0","0","0","0","0","0","19",,,
"9152","2018-04-18 13:00:03","Mozilla/5.0 (Windows NT 10.0; Win64; x64; rv:59.0) Gecko/20100101 Firefox/59.0","0","1","0","Portugal","France","college","1","France","21",,,,,,"0","0","0","0","0","French",,,,,,,"0","0","0","0","0","0","21",,,
"9153","2018-04-19 10:36:51","Mozilla/5.0 (X11; CrOS x86_64 10032.86.0) AppleWebKit/537.36 (KHTML, like Gecko) Chrome/63.0.3239.140 Safari/537.36","0","1","0",,,"college","1","United States","14",,,,,,"0","0","0","0","0","English","French",,,,,,"1","0","0","0","0","0","14",,,
"9154","2018-04-19 20:38:18","Mozilla/5.0 (Macintosh; Intel Mac OS X 10_11_6) AppleWebKit/537.36 (KHTML, like Gecko) Chrome/66.0.3359.117 Safari/537.36","1","0","0",,,,"0","Republic of Korea","0",,,,,,"0","0","0","0","0",,,,,,,,"0","0","0","0","0","0","0",,,
"9155","2018-04-20 04:10:21","Mozilla/5.0 (Windows NT 10.0; Win64; x64) AppleWebKit/537.36 (KHTML, like Gecko) Chrome/65.0.3325.181 Safari/537.36","0","1","1","Russian Federation","Russian Federation","professional school","0","United States","20",,,,,,"0","0","0","0","0","Russian",,,,,,,"0","0","0","0","0","0","35",,,
"9156","2018-04-20 08:02:23","Mozilla/5.0 (Windows NT 10.0; Win64; x64; rv:59.0) Gecko/20100101 Firefox/59.0","0","1","0","Netherlands","Netherlands","college","1","Netherlands","25",,,,,,"0","0","0","0","0","Dutch",,,,,,,"0","0","0","0","0","0","25",,,
"9157","2018-04-24 12:29:32","Mozilla/5.0 (Macintosh; Intel Mac OS X 10.13; rv:61.0) Gecko/20100101 Firefox/61.0","0","2","0","United States","United States","graduate school","1","United States","28",,,,,,"0","0","0","0","0","English",,,,,,,"0","0","0","0","0","0","28",,,
"9158","2018-04-24 19:36:55","Mozilla/5.0 (Windows NT 10.0; Win64; x64; rv:59.0) Gecko/20100101 Firefox/59.0","0","2","1","Norway","Philippines","graduate school","1","Norway","21",,,,,,"0","0","0","0","0","Norwegian",,,,,,,"0","0","0","0","0","0","31",,,
"9159","2018-04-26 16:03:10","Mozilla/5.0 (Windows NT 10.0; Win64; x64; rv:59.0) Gecko/20100101 Firefox/59.0","0","3","0","United States","United States","college","0","United States","19",,,,,,"0","0","0","0","0","English",,,,,,,"0","0","0","0","0","0","19",,,
"9160","2018-04-27 02:33:03","Mozilla/5.0 (X11; CrOS x86_64 10323.67.0) AppleWebKit/537.36 (KHTML, like Gecko) Chrome/65.0.3325.209 Safari/537.36","0","1","0","United Kingdom","United Kingdom","high school","1","United Kingdom","17",,,,,,"0","0","0","0","0","English",,,,,,,"0","0","0","0","0","0","17",,,
"9161","2018-04-27 06:24:33","Mozilla/5.0 (iPad; CPU OS 11_2_5 like Mac OS X) AppleWebKit/604.5.6 (KHTML, like Gecko) Version/11.0 Mobile/15D60 Safari/604.1","0","2","0",,,,"0","United States","0",,,,,,"0","0","0","0","0",,,,,,,,"0","0","0","0","0","0","46",,,
"9162","2018-04-27 08:08:01","Mozilla/5.0 (Windows NT 10.0; Win64; x64) AppleWebKit/537.36 (KHTML, like Gecko) Chrome/66.0.3359.117 Safari/537.36","0","1","0","United Kingdom","United Kingdom","college","1","United Kingdom","18",,,,,,"0","0","0","0","0","English",,,,,,,"0","0","0","0","0","0","18",,,
"9163","2018-04-27 09:06:19","Mozilla/5.0 (X11; CrOS x86_64 10323.67.0) AppleWebKit/537.36 (KHTML, like Gecko) Chrome/65.0.3325.209 Safari/537.36","0","2","1","Philippines","Philippines","college","1","United States","16","Philippines",,,,,"1","0","0","0","0","English","Other",,,,,,"4","0","0","0","0","0","17",,,
"9164","2018-04-27 11:53:52","Mozilla/5.0 (X11; CrOS x86_64 10323.67.0) AppleWebKit/537.36 (KHTML, like Gecko) Chrome/65.0.3325.209 Safari/537.36","0","2","0","United States","United States","high school","1","United States","18",,,,,,"0","0","0","0","0","English",,,,,,,"0","0","0","0","0","0","18",,,
"9165","2018-04-27 13:13:28","Mozilla/5.0 (iPad; CPU OS 11_3 like Mac OS X) AppleWebKit/605.1.15 (KHTML, like Gecko) Version/11.0 Mobile/15E148 Safari/604.1","0","2","0","United Kingdom","United Kingdom","high school","1","United Kingdom","16",,,,,,"0","0","0","0","0","English",,,,,,,"0","0","0","0","0","0","16",,,
"9166","2018-04-28 12:54:03","Mozilla/5.0 (Windows NT 6.3; Win64; x64; rv:59.0) Gecko/20100101 Firefox/59.0","0","3","0",,,,"0","Australia","14",,,,,,"0","0","0","0","0","English",,,,,,,"0","0","0","0","0","0","20",,,
"9167","2018-04-30 10:15:45","Mozilla/5.0 (Windows NT 10.0; Win64; x64) AppleWebKit/537.36 (KHTML, like Gecko) Chrome/66.0.3359.139 Safari/537.36","0","1","0","United Kingdom","United Kingdom","high school","1","United Kingdom","24",,,,,,"0","0","0","0","0","English",,,,,,,"0","0","0","0","0","0","24",,,
"9168","2018-04-30 12:25:50","Mozilla/5.0 (Macintosh; Intel Mac OS X 10_12_5) AppleWebKit/537.36 (KHTML, like Gecko) Chrome/65.0.3325.181 Safari/537.36","1","0","0",,,,"0","Angola","0",,,,,,"0","0","0","0","0",,,,,,,,"0","0","0","0","0","0","0",,,
"9169","2018-05-01 14:43:49","Mozilla/5.0 (Windows NT 10.0; Win64; x64) AppleWebKit/537.36 (KHTML, like Gecko) Chrome/58.0.3029.110 Safari/537.36 Edge/16.16299","0","2","0","United States","United States","professional school","1","United States","68",,,,,,"0","0","0","0","0","English",,,,,,,"0","0","0","0","0","0","68",,,
"9170","2018-05-01 22:27:45","Mozilla/5.0 (Windows NT 10.0; Win64; x64) AppleWebKit/537.36 (KHTML, like Gecko) Chrome/65.0.3325.181 Safari/537.36","0","2","0","New Zealand","Australia","college","1","Australia","23",,,,,,"0","0","0","0","0","English",,,,,,,"0","0","0","0","0","0","23",,,
"9171","2018-05-02 04:54:13","Mozilla/5.0 (Windows NT 6.1; Win64; x64) AppleWebKit/537.36 (KHTML, like Gecko) Chrome/66.0.3359.139 Safari/537.36","0","1","0","Australia","Australia","college","1","Australia","18",,,,,,"0","0","0","0","0","English",,,,,,,"0","0","0","0","0","0","18",,,
"9172","2018-05-02 23:18:40","Mozilla/5.0 (iPad; CPU OS 11_3 like Mac OS X) AppleWebKit/605.1.15 (KHTML, like Gecko) FxiOS/1.5.7b18.05.01.09 Mobile/15E302 Safari/605.1.15 _id/000009","0","0","0",,,,"0","Canada","0",,,,,,"0","0","0","0","0",,,,,,,,"0","0","0","0","0","0","0",,,
"9173","2018-05-03 15:44:04","Mozilla/5.0 (Macintosh; Intel Mac OS X 10_10_5) AppleWebKit/603.3.8 (KHTML, like Gecko) Version/10.1.2 Safari/603.3.8","0","2","1","United States","United States","graduate school","1","United States","32","United States","Afghanistan","United Kingdom",,,"30","1","1","0","0","English",,,,,,,"0","0","0","0","0","0","32",,,
"9174","2018-05-04 15:45:58","Mozilla/5.0 (Macintosh; Intel Mac OS X 10_13_2) AppleWebKit/537.36 (KHTML, like Gecko) Chrome/66.0.3359.117 Safari/537.36","1","0","0",,,,"0","United States","0",,,,,,"0","0","0","0","0",,,,,,,,"0","0","0","0","0","0","0",,,
"9175","2018-05-04 15:52:56","Mozilla/5.0 (Windows NT 10.0; Win64; x64) AppleWebKit/537.36 (KHTML, like Gecko) Chrome/66.0.3359.139 Safari/537.36","1","1","0",,,,"0","Afghanistan","1",,,,,,"0","0","0","0","0","Indonesian",,,,,,,"0","0","0","0","0","0","7",,,
"9176","2018-05-04 15:53:59","Mozilla/5.0 (Macintosh; Intel Mac OS X 10_13_2) AppleWebKit/537.36 (KHTML, like Gecko) Chrome/66.0.3359.117 Safari/537.36","1","0","0",,,,"0","United States","0",,,,,,"0","0","0","0","0",,,,,,,,"0","0","0","0","0","0","0",,,
"9177","2018-05-04 16:13:42","Mozilla/5.0 (Windows NT 10.0; Win64; x64) AppleWebKit/537.36 (KHTML, like Gecko) Chrome/65.0.3325.181 Safari/537.36","0","0","0",,,,"0","Andorra","0",,,,,,"0","0","0","0","0",,,,,,,,"0","0","0","0","0","0","0",,,
"9178","2018-05-04 16:15:25","Mozilla/5.0 (Windows NT 10.0; Win64; x64) AppleWebKit/537.36 (KHTML, like Gecko) Chrome/66.0.3359.139 Safari/537.36","0","2","0","United States","United States","college","1","United States","20",,,,,,"0","0","0","0","0","English",,,,,,,"0","0","0","0","0","0","20",,,
"9179","2018-05-05 08:01:00","Mozilla/5.0 (Macintosh; Intel Mac OS X 10_13_3) AppleWebKit/537.36 (KHTML, like Gecko) Chrome/65.0.3325.181 Safari/537.36","0","2","0","United States","United States","college","1","United States","29",,,,,,"0","0","0","0","0","English",,,,,,,"0","0","0","0","0","0","29",,,
"9180","2018-05-05 10:57:10","Mozilla/5.0 (Windows NT 10.0; Win64; x64; rv:57.0) Gecko/20100101 Firefox/57.0","0","1","1",,,,"0","Germany","20",,,,,,"0","0","0","0","0","German",,,,,,,"0","0","0","0","0","0","24",,,
"9181","2018-05-06 11:12:53","Mozilla/5.0 (X11; Ubuntu; Linux x86_64; rv:52.0) Gecko/20100101 Firefox/52.0","0","1","0",,,,"0","Hungary","0",,,,,,"0","0","0","0","0",,,,,,,,"0","0","0","0","0","0","28",,,
"9182","2018-05-07 06:34:45","Mozilla/5.0 (Windows NT 10.0; Win64; x64) AppleWebKit/537.36 (KHTML, like Gecko) Chrome/66.0.3359.139 Safari/537.36","0","2","0","Hungary","Hungary","pre-high school","1","Hungary","12",,,,,,"0","0","0","0","0","Hungarian",,,,,,,"0","0","0","0","0","0","12",,,
"9183","2018-05-07 22:17:16","Mozilla/5.0 (Windows NT 10.0; Win64; x64) AppleWebKit/537.36 (KHTML, like Gecko) Chrome/66.0.3359.139 Safari/537.36","1","0","0",,,,"0","Antarctica","0",,,,,,"0","0","0","0","0",,,,,,,,"0","0","0","0","0","0","0",,,
"9184","2018-05-10 11:20:32","Mozilla/5.0 (Macintosh; Intel Mac OS X 10_13_1) AppleWebKit/537.36 (KHTML, like Gecko) Chrome/66.0.3359.139 Safari/537.36","0","1","1","Saudi Arabia","Saudi Arabia","graduate school","1","United States","7","Saudi Arabia","Canada",,,,"8","10","0","0","0","English",,,,,,,"0","0","0","0","0","0","25",,,
"9185","2018-05-11 15:13:59","Mozilla/5.0 (Macintosh; Intel Mac OS X 10_10_5) AppleWebKit/537.36 (KHTML, like Gecko) Chrome/65.0.3325.181 Safari/537.36","0","2","1","Romania","Republic of Moldova","PhD","1","Romania","4","Romania","Republic of Moldova",,,,"12","6","0","0","0","Romanian",,,,,,,"0","0","0","0","0","0","22",,,
"9186","2018-05-13 08:40:28","Mozilla/5.0 (Windows NT 10.0; Win64; x64; rv:59.0) Gecko/20100101 Firefox/59.0","0","0","0",,,,"0","Poland","0",,,,,,"0","0","0","0","0",,,,,,,,"0","0","0","0","0","0","0",,,
"9187","2018-05-13 17:23:29","Mozilla/5.0 (Windows NT 10.0; Win64; x64) AppleWebKit/537.36 (KHTML, like Gecko) Chrome/66.0.3359.139 Safari/537.36","0","2","0","United States","United States","college","1","United States","36",,,,,,"0","0","0","0","0","English",,,,,,,"0","0","0","0","0","0","36",,,
"9188","2018-05-14 16:38:05","Mozilla/5.0 (iPad; CPU OS 9_3_5 like Mac OS X) AppleWebKit/601.1.46 (KHTML, like Gecko) Version/9.0 Mobile/13G36 Safari/601.1","0","0","0",,,,"0","France","0",,,,,,"0","0","0","0","0",,,,,,,,"0","0","0","0","0","0","0",,,
"9189","2018-05-15 21:18:31","Mozilla/5.0 (Windows NT 10.0; Win64; x64; rv:62.0) Gecko/20100101 Firefox/62.0","1","1","0","India","India","professional school","0","United States Minor Outlying Islands","13",,,,,,"0","0","0","0","0","English","Standard Hindi",,,,,,"3","0","0","0","0","0","13",,,
"9190","2018-05-18 14:10:58","Mozilla/5.0 (Windows NT 6.1; Win64; x64) AppleWebKit/537.36 (KHTML, like Gecko) Chrome/66.0.3359.139 Safari/537.36","0","1","0",,,"high school","1","Brazil","23",,,,,,"0","0","0","0","0","Portuguese",,,,,,,"0","0","0","0","0","0","23",,,
"9191","2018-05-18 15:36:43","Mozilla/5.0 (Windows NT 10.0; Win64; x64; rv:60.0) Gecko/20100101 Firefox/60.0","0","2","1","Russian Federation","Russian Federation","graduate school","0","Austria","4","Russian Federation",,,,,"20","0","0","0","0","Russian",,,,,,,"0","0","0","0","0","0","28",,,
"9192","2018-05-20 12:52:11","Mozilla/5.0 (Windows NT 10.0; Win64; x64) AppleWebKit/537.36 (KHTML, like Gecko) Chrome/58.0.3029.110 Safari/537.36 Edge/16.16299","0","0","0",,,,"0","Estonia","0",,,,,,"0","0","0","0","0",,,,,,,,"0","0","0","0","0","0","0",,,
"9193","2018-05-21 10:10:49","Mozilla/5.0 (Windows NT 10.0; Win64; x64) AppleWebKit/537.36 (KHTML, like Gecko) Chrome/65.0.3325.181 Safari/537.36 OPR/52.0.2871.99","0","2","0","United Kingdom","United Kingdom","graduate school","1","United Kingdom","25",,,,,,"0","0","0","0","0","English",,,,,,,"0","0","0","0","0","0","25",,,
"9194","2018-05-21 19:11:47","Mozilla/5.0 (Macintosh; Intel Mac OS X 10_10_5) AppleWebKit/603.3.8 (KHTML, like Gecko) Version/10.1.2 Safari/603.3.8","0","0","0",,,,"0","United States","0",,,,,,"0","0","0","0","0",,,,,,,,"0","0","0","0","0","0","0",,,
"9195","2018-05-22 05:53:44","Mozilla/5.0 (Windows NT 10.0; Win64; x64) AppleWebKit/537.36 (KHTML, like Gecko) Chrome/64.0.3282.140 Safari/537.36 Edge/17.17134","0","2","0","United States","United States","college","0","United States","28",,,,,,"0","0","0","0","0","English",,,,,,,"0","0","0","0","0","0","28",,,
"9196","2018-05-22 12:59:33","Mozilla/5.0 (Macintosh; Intel Mac OS X 10_13_4) AppleWebKit/537.36 (KHTML, like Gecko) Chrome/66.0.3359.181 Safari/537.36","0","2","0","Russian Federation","Russian Federation","PhD","1","Russian Federation","37",,,,,,"0","0","0","0","0","Russian",,,,,,,"0","0","0","0","0","0","37",,,
"9197","2018-05-23 13:08:15","Mozilla/5.0 (Windows NT 6.1; Win64; x64; rv:60.0) Gecko/20100101 Firefox/60.0","0","0","0",,,,"0","United States","0",,,,,,"0","0","0","0","0",,,,,,,,"0","0","0","0","0","0","0",,,
"9198","2018-05-26 08:09:47","Mozilla/5.0 (X11; Linux x86_64) AppleWebKit/537.36 (KHTML, like Gecko) Chrome/66.0.3359.170 Safari/537.36 OPR/53.0.2907.57","0","1","0","Czech Republic","Czech Republic","high school","1","Czech Republic","26",,,,,,"0","0","0","0","0","Czech",,,,,,,"0","0","0","0","0","0","26",,,
"9199","2018-05-27 05:08:50","Mozilla/5.0 (iPad; CPU OS 11_3 like Mac OS X) AppleWebKit/605.1.15 (KHTML, like Gecko) FxiOS/11.1b10377 Mobile/15E216 Safari/605.1.15","0","1","0","United States","United States","graduate school","0","United States","44",,,,,,"0","0","0","0","0","English",,,,,,,"0","0","0","0","0","0","44",,,
"9200","2018-05-27 09:06:27","Mozilla/5.0 (Macintosh; Intel Mac OS X 10_12_6) AppleWebKit/537.36 (KHTML, like Gecko) Chrome/65.0.3325.162 Safari/537.36","0","2","0",,,"high school","0","United States","16",,,,,,"0","0","0","0","0","English",,,,,,,"0","0","0","0","0","0","16",,,
"9201","2018-05-28 11:45:20","Mozilla/5.0 (Windows NT 10.0; Win64; x64; rv:60.0) Gecko/20100101 Firefox/60.0","0","1","0","Belgium","Netherlands","college","1","Belgium","15",,,,,,"0","0","0","0","0","Dutch",,,,,,,"0","0","0","0","0","0","15",,,
"9202","2018-05-29 05:25:04","Mozilla/5.0 (Windows NT 10.0; Win64; x64) AppleWebKit/537.36 (KHTML, like Gecko) Chrome/66.0.3359.181 Safari/537.36","0","2","0","Poland","Belarus","graduate school","1","Belarus","23",,,,,,"0","0","0","0","0","Russian",,,,,,,"0","0","0","0","0","0","23",,,
"9203","2018-05-29 16:25:58","Mozilla/5.0 (X11; Ubuntu; Linux x86_64; rv:60.0) Gecko/20100101 Firefox/60.0","0","1","1","United Kingdom","Ireland","college","1","South Africa","5",,,,,,"0","0","0","0","0","English",,,,,,,"0","0","0","0","0","0","24",,,
"9204","2018-05-29 18:05:02","Mozilla/5.0 (Windows NT 6.1; Win64; x64) AppleWebKit/537.36 (KHTML, like Gecko) Chrome/66.0.3359.181 Safari/537.36","0","1","1","Italy","Italy","college","1","United Kingdom","3","Italy",,,,,"23","0","0","0","0","Italian","English","Spanish",,,,,"4","3","0","0","0","0","26",,,
"9205","2018-05-30 22:44:52","Mozilla/5.0 (Macintosh; Intel Mac OS X 10_13_3) AppleWebKit/537.36 (KHTML, like Gecko) Chrome/66.0.3359.139 Safari/537.36","0","1","0","United States","United States","college","1","United States","17",,,,,,"0","0","0","0","0","English",,,,,,,"0","0","0","0","0","0","17",,,
"9206","2018-05-31 05:16:01","Mozilla/5.0 (Windows NT 10.0; Win64; x64) AppleWebKit/537.36 (KHTML, like Gecko) Chrome/66.0.3359.181 Safari/537.36","0","2","0","United Kingdom","United Kingdom","college","1","United Kingdom","20",,,,,,"0","0","0","0","0","English",,,,,,,"0","0","0","0","0","0","20",,,
"9207","2018-06-01 11:42:22","Mozilla/5.0 (Macintosh; Intel Mac OS X 10_13_4) AppleWebKit/537.36 (KHTML, like Gecko) Chrome/66.0.3359.181 Safari/537.36","1","1","0",,,,"0","Albania","4",,,,,,"0","0","0","0","0",,,,,,,,"0","0","0","0","0","0","18",,,
"9208","2018-06-03 03:10:36","Mozilla/5.0 (Windows NT 10.0; Win64; x64) AppleWebKit/537.36 (KHTML, like Gecko) Chrome/66.0.3359.170 Safari/537.36 OPR/53.0.2907.68","0","1","0","Romania","Romania","college","1","Romania","20",,,,,,"0","0","0","0","0","Romanian",,,,,,,"0","0","0","0","0","0","20",,,
"9209","2018-06-03 09:45:47","Mozilla/5.0 (X11; Linux x86_64) AppleWebKit/537.36 (KHTML, like Gecko) Ubuntu Chromium/66.0.3359.181 Chrome/66.0.3359.181 Safari/537.36","0","0","0",,,,"0","Ukraine","0",,,,,,"0","0","0","0","0",,,,,,,,"0","0","0","0","0","0","0",,,
"9210","2018-06-06 22:43:54","Mozilla/5.0 (Macintosh; Intel Mac OS X 10.12; rv:60.0) Gecko/20100101 Firefox/60.0","0","2","1","Norway","Ireland","college","1","South Africa","32","Zimbabwe",,,,,"10","0","0","0","0","English",,,,,,,"0","0","0","0","0","0","43",,,
"9211","2018-06-07 05:36:37","Mozilla/5.0 (Windows NT 6.1; WOW64; rv:60.0) Gecko/20100101 Firefox/60.0","0","0","0",,,,"0","United States","0",,,,,,"0","0","0","0","0",,,,,,,,"0","0","0","0","0","0","0",,,
"9212","2018-06-07 19:41:25","Mozilla/5.0 (X11; Linux x86_64) AppleWebKit/537.36 (KHTML, like Gecko) Chrome/66.0.3359.117 Safari/537.36","0","0","0",,,,"0","France","0",,,,,,"0","0","0","0","0",,,,,,,,"0","0","0","0","0","0","0",,,
"9213","2018-06-07 19:43:14","Mozilla/5.0 (X11; Linux x86_64) AppleWebKit/537.36 (KHTML, like Gecko) Chrome/66.0.3359.117 Safari/537.36","0","0","0",,,,"0","France","0",,,,,,"0","0","0","0","0",,,,,,,,"0","0","0","0","0","0","0",,,
"9214","2018-06-09 08:38:11","Mozilla/5.0 (Windows NT 10.0; Win64; x64) AppleWebKit/537.36 (KHTML, like Gecko) Chrome/67.0.3396.79 Safari/537.36","0","2","1",,,"high school","0","Germany","9",,,,,,"0","0","0","0","0","German",,,,,,,"0","0","0","0","0","0","17",,,
"9215","2018-06-09 09:59:33","Mozilla/5.0 (Macintosh; Intel Mac OS X 10.13; rv:60.0) Gecko/20100101 Firefox/60.0","0","2","0","Finland","Finland","graduate school","1","Finland","32",,,,,,"0","0","0","0","0","Finnish",,,,,,,"0","0","0","0","0","0","32",,,
"9216","2018-06-09 21:55:23","Mozilla/5.0 (Windows NT 10.0; Win64; x64) AppleWebKit/537.36 (KHTML, like Gecko) Chrome/64.0.3282.140 Safari/537.36 Edge/17.17134","0","2","0",,,"college","1","United States","0",,,,,,"0","0","0","0","0","English",,,,,,,"0","0","0","0","0","0","30",,,
"9217","2018-06-11 12:03:05","Mozilla/5.0 (Macintosh; Intel Mac OS X 10_13_4) AppleWebKit/537.36 (KHTML, like Gecko) Chrome/66.0.3359.181 Safari/537.36","1","2","1","Ukraine","Ukraine","graduate school","1","United States","27","Ukraine",,,,,"6","0","0","0","0","Russian",,,,,,,"0","0","0","0","0","0","33",,,
"9218","2018-06-11 12:33:09","Mozilla/5.0 (Windows NT 10.0; Win64; x64) AppleWebKit/537.36 (KHTML, like Gecko) Chrome/66.0.3359.181 Safari/537.36","0","2","0",,,"PhD","1","Canada","26",,,,,,"0","0","0","0","0","English",,,,,,,"0","0","0","0","0","0","26",,,
"9219","2018-06-13 16:51:16","Mozilla/5.0 (Macintosh; Intel Mac OS X 10_11_1) AppleWebKit/537.36 (KHTML, like Gecko) Chrome/66.0.3359.181 Safari/537.36","0","2","0","Italy","Italy","college","1","Italy","22",,,,,,"0","0","0","0","0","Italian",,,,,,,"0","0","0","0","0","0","22",,,
"9220","2018-06-14 00:37:52","Mozilla/5.0 (Windows NT 6.1; Win64; x64) AppleWebKit/537.36 (KHTML, like Gecko) Chrome/67.0.3396.87 Safari/537.36","1","2","1","Albania","Albania","college","1","Albania","15",,,,,,"0","0","0","0","0","Other",,,,,,,"0","0","0","0","0","0","22",,,
"9221","2018-06-14 12:18:38","Mozilla/5.0 (Windows NT 10.0; Win64; x64) AppleWebKit/537.36 (KHTML, like Gecko) Chrome/51.0.2704.79 Safari/537.36 Edge/14.14393","0","0","0",,,,"0","United States","0",,,,,,"0","0","0","0","0",,,,,,,,"0","0","0","0","0","0","0",,,
"9222","2018-06-15 08:11:13","Mozilla/5.0 (Windows NT 10.0; Win64; x64) AppleWebKit/537.36 (KHTML, like Gecko) Chrome/67.0.3396.87 Safari/537.36","0","1","0","France","France","high school","0","France","18",,,,,,"0","0","0","0","0","French",,,,,,,"0","0","0","0","0","0","18",,,
"9223","2018-06-15 20:50:42","Mozilla/5.0 (Windows NT 6.0; WOW64) AppleWebKit/537.36 (KHTML, like Gecko) Chrome/49.0.2623.112 Safari/537.36","0","1","0",,,,"0","United States","23",,,,,,"0","0","0","0","0","English",,,,,,,"0","0","0","0","0","0","26",,,
"9224","2018-06-17 05:07:05","Mozilla/5.0 (Macintosh; Intel Mac OS X 10_11_6) AppleWebKit/537.36 (KHTML, like Gecko) Chrome/67.0.3396.87 Safari/537.36","1","2","1","Brazil","Brazil","college","0","United Kingdom","15","Brazil",,,,,"15","0","0","0","0","Portuguese",,,,,,,"0","0","0","0","0","0","30",,,
"9225","2018-06-17 09:11:34","Mozilla/5.0 (Macintosh; Intel Mac OS X 10.13; rv:60.0) Gecko/20100101 Firefox/60.0","0","2","1",,,,"0","France","32",,,,,,"0","0","0","0","0","French",,,,,,,"0","0","0","0","0","0","34",,,
