Name;Team;Position;Height(inches);Weight(pounds)
Adam_Donachie;BAL;Catcher;74;180
Paul_Bako;BAL;Catcher;74;215
Ramon_Hernandez;BAL;Catcher;72;210
Kevin_Millar;BAL;First_Baseman;72;210
Chris_Gomez;BAL;First_Baseman;73;188
Brian_Roberts;BAL;Second_Baseman;69;176
Miguel_Tejada;BAL;Shortstop;69;209
Melvin_Mora;BAL;Third_Baseman;71;200
Aubrey_Huff;BAL;Third_Baseman;76;231
Adam_Stern;BAL;Outfielder;71;180
Jeff_Fiorentino;BAL;Outfielder;73;188
Freddie_Bynum;BAL;Outfielder;73;180
Nick_Markakis;BAL;Outfielder;74;185
Brandon_Fahey;BAL;Outfielder;74;160
Corey_Patterson;BAL;Outfielder;69;180
Jay_Payton;BAL;Outfielder;70;185
Jay_Gibbons;BAL;Designated_Hitter;72;197
Erik_Bedard;BAL;Starting_Pitcher;73;189
Hayden_Penn;BAL;Starting_Pitcher;75;185
Adam_Loewen;BAL;Starting_Pitcher;78;219
Daniel_Cabrera;BAL;Starting_Pitcher;79;230
Steve_Trachsel;BAL;Starting_Pitcher;76;205
Jaret_Wright;BAL;Starting_Pitcher;74;230
Kris_Benson;BAL;Starting_Pitcher;76;195
Scott_Williamson;BAL;Relief_Pitcher;72;180
John_Parrish;BAL;Relief_Pitcher;71;192
Danys_Baez;BAL;Relief_Pitcher;75;225
Chad_Bradford;BAL;Relief_Pitcher;77;203
Jamie_Walker;BAL;Relief_Pitcher;74;195
Brian_Burres;BAL;Relief_Pitcher;73;182
Kurt_Birkins;BAL;Relief_Pitcher;74;188
James_Hoey;BAL;Relief_Pitcher;78;200
Sendy_Rleal;BAL;Relief_Pitcher;73;180
Chris_Ray;BAL;Relief_Pitcher;75;200
Jeremy_Guthrie;BAL;Relief_Pitcher;73;200
A.J._Pierzynski;CWS;Catcher;75;245
Toby_Hall;CWS;Catcher;75;240
Paul_Konerko;CWS;First_Baseman;74;215
Tadahito_Iguchi;CWS;Second_Baseman;69;185
Juan_Uribe;CWS;Shortstop;71;175
Alex_Cintron;CWS;Shortstop;74;199
Joe_Crede;CWS;Third_Baseman;73;200
Josh_Fields;CWS;Third_Baseman;73;215
Ryan_Sweeney;CWS;Outfielder;76;200
Brian_N._Anderson;CWS;Outfielder;74;205
Luis_Terrero;CWS;Outfielder;74;206
Pablo_Ozuna;CWS;Outfielder;70;186
Scott_Podsednik;CWS;Outfielder;72;188
Jermaine_Dye;CWS;Outfielder;77;220
Darin_Erstad;CWS;Outfielder;74;210
Rob_Mackowiak;CWS;Outfielder;70;195
Jim_Thome;CWS;Designated_Hitter;76;244
Jerry_Owens;CWS;Designated_Hitter;75;195
Charlie_Haeger;CWS;Starting_Pitcher;73;200
Heath_Phillips;CWS;Starting_Pitcher;75;200
Gavin_Floyd;CWS;Starting_Pitcher;76;212
Jose_Contreras;CWS;Starting_Pitcher;76;224
Jon_Garland;CWS;Starting_Pitcher;78;210
Javier_Vazquez;CWS;Starting_Pitcher;74;205
Mark_Buehrle;CWS;Starting_Pitcher;74;220
Mike_MacDougal;CWS;Relief_Pitcher;76;195
David_Aardsma;CWS;Relief_Pitcher;77;200
Andrew_Sisco;CWS;Relief_Pitcher;81;260
Matt_Thornton;CWS;Relief_Pitcher;78;228
Bobby_Jenks;CWS;Relief_Pitcher;75;270
Boone_Logan;CWS;Relief_Pitcher;77;200
Sean_Tracey;CWS;Relief_Pitcher;75;210
Nick_Masset;CWS;Relief_Pitcher;76;190
Jose_Molina;ANA;Catcher;74;220
Jeff_Mathis;ANA;Catcher;72;180
Mike_Napoli;ANA;Catcher;72;205
Casey_Kotchman;ANA;First_Baseman;75;210
Kendry_Morales;ANA;First_Baseman;73;220
Shea_Hillenbrand;ANA;First_Baseman;73;211
Robb_Quinlan;ANA;First_Baseman;73;200
Howie_Kendrick;ANA;First_Baseman;70;180
Orlando_Cabrera;ANA;Shortstop;70;190
Erick_Aybar;ANA;Shortstop;70;170
Dallas_McPherson;ANA;Third_Baseman;76;230
Maicer_Izturis;ANA;Third_Baseman;68;155
Reggie_Willits;ANA;Outfielder;71;185
Tommy_Murphy;ANA;Outfielder;72;185
Terry_Evans;ANA;Outfielder;75;200
Gary_Matthews_Jr.;ANA;Outfielder;75;225
Garret_Anderson;ANA;Outfielder;75;225
Vladimir_Guerrero;ANA;Outfielder;75;220
Chone_Figgins;ANA;Outfielder;68;160
Juan_Rivera;ANA;Outfielder;74;205
John_Lackey;ANA;Starting_Pitcher;78;235
Bartolo_Colon;ANA;Starting_Pitcher;71;250
Kelvim_Escobar;ANA;Starting_Pitcher;73;210
Dustin_Moseley;ANA;Starting_Pitcher;76;190
Ervin_Santana;ANA;Starting_Pitcher;74;160
Joe_Saunders;ANA;Starting_Pitcher;74;200
Jered_Weaver;ANA;Starting_Pitcher;79;205
Chris_Resop;ANA;Relief_Pitcher;75;222
Phil_Seibel;ANA;Relief_Pitcher;73;195
Justin_Speier;ANA;Relief_Pitcher;76;205
Darren_Oliver;ANA;Relief_Pitcher;74;220
Hector_Carrasco;ANA;Relief_Pitcher;74;220
Scot_Shields;ANA;Relief_Pitcher;73;170
Francisco_Rodriguez;ANA;Relief_Pitcher;72;185
Greg_Jones;ANA;Relief_Pitcher;74;195
Doug_Mirabelli;BOS;Catcher;73;220
Jason_Varitek;BOS;Catcher;74;230
George_Kottaras;BOS;Catcher;72;180
Kevin_Youkilis;BOS;First_Baseman;73;220
Dustin_Pedroia;BOS;Second_Baseman;69;180
Alex_Cora;BOS;Shortstop;72;180
Julio_Lugo;BOS;Shortstop;73;170
Mike_Lowell;BOS;Third_Baseman;75;210
Wily_Mo_Pe?a;BOS;Outfielder;75;215
J.D._Drew;BOS;Outfielder;73;200
Manny_Ramirez;BOS;Outfielder;72;213
Brandon_Moss;BOS;Outfielder;72;180
David_Murphy;BOS;Outfielder;76;192
Eric_Hinske;BOS;Outfielder;74;235
Coco_Crisp;BOS;Outfielder;72;185
David_Ortiz;BOS;Designated_Hitter;76;230
Curt_Schilling;BOS;Starting_Pitcher;77;235
Tim_Wakefield;BOS;Starting_Pitcher;74;210
Josh_Beckett;BOS;Starting_Pitcher;77;222
Matt_Clement;BOS;Starting_Pitcher;75;210
Jonathan_Papelbon;BOS;Starting_Pitcher;76;230
Kyle_Snyder;BOS;Starting_Pitcher;80;220
Devern_Hansack;BOS;Starting_Pitcher;74;180
Jon_Lester;BOS;Starting_Pitcher;74;190
Kason_Gabbard;BOS;Starting_Pitcher;75;200
Craig_Hansen;BOS;Relief_Pitcher;78;210
Hideki_Okajima;BOS;Relief_Pitcher;73;194
Craig_Breslow;BOS;Relief_Pitcher;73;180
Manny_Delcarmen;BOS;Relief_Pitcher;74;190
Brendan_Donnelly;BOS;Relief_Pitcher;75;240
Javier_Lopez;BOS;Relief_Pitcher;76;200
J.C._Romero;BOS;Relief_Pitcher;71;198
Joel_Pineiro;BOS;Relief_Pitcher;73;200
Julian_Tavarez;BOS;Relief_Pitcher;74;195
Mike_Timlin;BOS;Relief_Pitcher;76;210
Nick_DeBarr;BOS;Relief_Pitcher;76;220
Victor_Martinez;CLE;Catcher;74;190
Kelly_Shoppach;CLE;Catcher;73;210
Ryan_Garko;CLE;First_Baseman;74;225
Joe_Inglett;CLE;Second_Baseman;70;180
Josh_Barfield;CLE;Second_Baseman;72;185
Hector_Luna;CLE;Second_Baseman;73;170
Jhonny_Peralta;CLE;Shortstop;73;185
Andy_Marte;CLE;Third_Baseman;73;185
Ben_Francisco;CLE;Outfielder;73;180
Shin-Soo_Choo;CLE;Outfielder;71;178
Franklin_Gutierrez;CLE;Outfielder;74;175
Grady_Sizemore;CLE;Outfielder;74;200
Jason_Michaels;CLE;Outfielder;72;204
Trot_Nixon;CLE;Outfielder;74;211
David_Dellucci;CLE;Outfielder;71;190
Casey_Blake;CLE;Outfielder;74;210
Travis_Hafner;CLE;Designated_Hitter;75;240
Paul_Byrd;CLE;Starting_Pitcher;73;190
Cliff_Lee;CLE;Starting_Pitcher;75;190
Jake_Westbrook;CLE;Starting_Pitcher;75;185
C.C._Sabathia;CLE;Starting_Pitcher;79;290
Jeremy_Sowers;CLE;Starting_Pitcher;73;175
Rafael_Perez;CLE;Relief_Pitcher;75;185
Brian_Slocum;CLE;Relief_Pitcher;76;200
Edward_Mujica;CLE;Relief_Pitcher;74;220
Fernando_Cabrera;CLE;Relief_Pitcher;76;170
Tom_Mastny;CLE;Relief_Pitcher;78;220
Juan_Lara;CLE;Relief_Pitcher;74;190
Fausto_Carmona;CLE;Relief_Pitcher;76;220
Aaron_Fultz;CLE;Relief_Pitcher;72;205
Rafael_Betancourt;CLE;Relief_Pitcher;74;200
Roberto_Hernandez;CLE;Relief_Pitcher;76;250
Joe_Borowski;CLE;Relief_Pitcher;74;225
Matt_Miller;CLE;Relief_Pitcher;75;215
Jason_Davis;CLE;Relief_Pitcher;78;210
Mike_Piazza;OAK;Catcher;75;215
Jason_Kendall;OAK;Catcher;72;195
Adam_Melhuse;OAK;Catcher;74;200
Nick_Swisher;OAK;First_Baseman;72;194
Dan_Johnson;OAK;First_Baseman;74;220
Donald_Murphy;OAK;Second_Baseman;70;180
Mark_Ellis;OAK;Second_Baseman;71;180
Marco_Scutaro;OAK;Shortstop;70;170
Bobby_Crosby;OAK;Shortstop;75;195
Mark_Kiger;OAK;Shortstop;71;180
Antonio_Perez;OAK;Third_Baseman;71;170
Eric_Chavez;OAK;Third_Baseman;73;206
Milton_Bradley;OAK;Outfielder;72;205
Shannon_Stewart;OAK;Outfielder;71;200
Bobby_Kielty;OAK;Outfielder;73;225
Mark_Kotsay;OAK;Outfielder;72;201
Ryan_Goleski;OAK;Outfielder;75;225
Jeremy_Brown;OAK;Designated_Hitter;70;226
Jason_Windsor;OAK;Starting_Pitcher;74;233
David_Shafer;OAK;Starting_Pitcher;74;180
Joe_Blanton;OAK;Starting_Pitcher;75;225
Brad_Halsey;OAK;Starting_Pitcher;73;180
Dan_Haren;OAK;Starting_Pitcher;77;220
Rich_Harden;OAK;Starting_Pitcher;73;180
Joe_Kennedy;OAK;Starting_Pitcher;76;237
Esteban_Loaiza;OAK;Starting_Pitcher;75;215
Alan_Embree;OAK;Relief_Pitcher;74;190
Jay_Witasick;OAK;Relief_Pitcher;76;235
Justin_Duchscherer;OAK;Relief_Pitcher;75;190
Kiko_Calero;OAK;Relief_Pitcher;73;180
Chad_Gaudin;OAK;Relief_Pitcher;71;165
Lenny_DiNardo;OAK;Relief_Pitcher;76;195
Scott_Dunn;OAK;Relief_Pitcher;75;200
Huston_Street;OAK;Relief_Pitcher;72;190
Ron_Flores;OAK;Relief_Pitcher;71;190
Jay_Marshall;OAK;Relief_Pitcher;77;185
Marcus_McBeth;OAK;Relief_Pitcher;73;185
Jorge_Posada;NYY;Catcher;74;205
Wil_Nieves;NYY;Catcher;71;190
Andy_Phillips;NYY;First_Baseman;72;205
Doug_Mientkiewicz;NYY;First_Baseman;74;206
Josh_Phelps;NYY;First_Baseman;75;220
Miguel_Cairo;NYY;Second_Baseman;73;208
Robinson_Cano;NYY;Second_Baseman;72;170
Derek_Jeter;NYY;Shortstop;75;195
Alex_Rodriguez;NYY;Third_Baseman;75;210
Johnny_Damon;NYY;Outfielder;74;190
Bobby_Abreu;NYY;Outfielder;72;211
Hideki_Matsui;NYY;Outfielder;74;230
Melky_Cabrera;NYY;Outfielder;71;170
Kevin_Thompson;NYY;Outfielder;70;185
Jason_Giambi;NYY;Designated_Hitter;75;230
Mike_Mussina;NYY;Starting_Pitcher;74;185
Carl_Pavano;NYY;Starting_Pitcher;77;241
Andy_Pettitte;NYY;Starting_Pitcher;77;225
Darrell_Rasner;NYY;Starting_Pitcher;75;210
Jeff_Karstens;NYY;Starting_Pitcher;75;175
Humberto_Sanchez;NYY;Starting_Pitcher;78;230
Chien-Ming_Wang;NYY;Starting_Pitcher;75;200
Sean_Henn;NYY;Relief_Pitcher;76;215
Scott_Proctor;NYY;Relief_Pitcher;73;198
Brian_Bruney;NYY;Relief_Pitcher;75;226
Chris_Britton;NYY;Relief_Pitcher;75;278
T.J._Beam;NYY;Relief_Pitcher;79;215
Jose_Veras;NYY;Relief_Pitcher;77;230
Kyle_Farnsworth;NYY;Relief_Pitcher;76;240
Luis_Vizcaino;NYY;Relief_Pitcher;71;184
Mike_Myers;NYY;Relief_Pitcher;75;219
Mariano_Rivera;NYY;Relief_Pitcher;74;170
Ivan_Rodriguez;DET;Catcher;69;218
Vance_Wilson;DET;Catcher;71;190
Sean_Casey;DET;First_Baseman;76;225
Chris_Shelton;DET;First_Baseman;72;220
Omar_Infante;DET;Second_Baseman;72;176
Placido_Polanco;DET;Second_Baseman;70;190
Neifi_Perez;DET;Second_Baseman;72;197
Carlos_Guillen;DET;Shortstop;73;204
Ramon_Santiago;DET;Shortstop;71;167
Tony_Giarratano;DET;Shortstop;72;180
Brandon_Inge;DET;Third_Baseman;71;195
Craig_Monroe;DET;Outfielder;73;220
Magglio_Ordo?ez;DET;Outfielder;72;215
Curtis_Granderson;DET;Outfielder;73;185
Brent_Clevlen;DET;Outfielder;74;190
Marcus_Thames;DET;Outfielder;74;205
Gary_Sheffield;DET;Outfielder;72;205
Mike_Rabelo;DET;Designated_Hitter;73;200
Zach_Miner;DET;Starting_Pitcher;75;200
Jeremy_Bonderman;DET;Starting_Pitcher;74;210
Nate_Robertson;DET;Starting_Pitcher;74;215
Justin_Verlander;DET;Starting_Pitcher;77;200
Virgil_Vasquez;DET;Starting_Pitcher;75;205
Kenny_Rogers;DET;Starting_Pitcher;73;211
Mike_Maroth;DET;Starting_Pitcher;72;190
Fernando_Rodney;DET;Relief_Pitcher;71;208
Chad_Durbin;DET;Relief_Pitcher;74;200
Jason_Grilli;DET;Relief_Pitcher;77;210
Jose_Mesa;DET;Relief_Pitcher;75;232
Todd_Jones;DET;Relief_Pitcher;75;230
Joel_Zumaya;DET;Relief_Pitcher;75;210
Jordan_Tata;DET;Relief_Pitcher;78;220
Andrew_Miller;DET;Relief_Pitcher;78;210
Yorman_Bazardo;DET;Relief_Pitcher;74;202
Wilfredo_Ledezma;DET;Relief_Pitcher;76;212
Roman_Colon;DET;Relief_Pitcher;78;225
Edward_Campusano;DET;Relief_Pitcher;76;170
Rene_Rivera;SEA;Catcher;70;190
Kenji_Johjima;SEA;Catcher;72;200
Richie_Sexson;SEA;First_Baseman;80;237
Ben_Broussard;SEA;First_Baseman;74;220
Jose_Lopez;SEA;Second_Baseman;74;170
Jose_Vidro;SEA;Second_Baseman;71;193
Yuniesky_Betancourt;SEA;Shortstop;70;190
Oswaldo_Navarro;SEA;Shortstop;72;150
Adrian_Beltre;SEA;Third_Baseman;71;220
Raul_Ibanez;SEA;Outfielder;74;200
Jose_Guillen;SEA;Outfielder;71;190
Jeremy_Reed;SEA;Outfielder;72;185
Willie_Bloomquist;SEA;Outfielder;71;185
Adam_Jones;SEA;Outfielder;74;200
Ichiro_Suzuki;SEA;Outfielder;69;172
Mike_Morse;SEA;Outfielder;76;220
Felix_Hernandez;SEA;Starting_Pitcher;75;225
Ryan_Feierabend;SEA;Starting_Pitcher;75;190
Sean_White;SEA;Starting_Pitcher;76;195
Horacio_Ramirez;SEA;Starting_Pitcher;73;219
Cha_Baek;SEA;Starting_Pitcher;76;190
Miguel_Batista;SEA;Starting_Pitcher;73;197
Jeff_Weaver;SEA;Starting_Pitcher;77;200
Jarrod_Washburn;SEA;Starting_Pitcher;73;195
George_Sherrill;SEA;Relief_Pitcher;72;210
Julio_Mateo;SEA;Relief_Pitcher;72;177
J.J._Putz;SEA;Relief_Pitcher;77;220
Chris_Reitsma;SEA;Relief_Pitcher;77;235
Cesar_Jimenez;SEA;Relief_Pitcher;71;180
Eric_O'Flaherty;SEA;Relief_Pitcher;74;195
Jon_Huber;SEA;Relief_Pitcher;74;195
Jake_Woods;SEA;Relief_Pitcher;73;190
Sean_Green;SEA;Relief_Pitcher;78;230
Mark_Lowe;SEA;Relief_Pitcher;75;190
Josh_Paul;TB;Catcher;73;200
Dioner_Navarro;TB;Catcher;70;190
Shawn_Riggans;TB;Catcher;74;190
Ty_Wigginton;TB;First_Baseman;72;200
Brendan_Harris;TB;Second_Baseman;73;200
Jorge_Cantu;TB;Second_Baseman;73;184
Ben_Zobrist;TB;Shortstop;75;200
B.J._Upton;TB;Third_Baseman;75;180
Carl_Crawford;TB;Outfielder;74;219
Rocco_Baldelli;TB;Outfielder;76;187
Greg_Norton;TB;Outfielder;73;200
Elijah_Dukes;TB;Outfielder;74;220
Delmon_Young;TB;Outfielder;75;205
Jonny_Gomes;TB;Designated_Hitter;73;205
Edwin_Jackson;TB;Starting_Pitcher;75;190
Scott_Kazmir;TB;Starting_Pitcher;72;170
Casey_Fossum;TB;Starting_Pitcher;73;160
Jae_Seo;TB;Starting_Pitcher;73;215
J.P._Howell;TB;Starting_Pitcher;72;175
Tim_Corcoran;TB;Starting_Pitcher;74;205
Jason_Hammel;TB;Starting_Pitcher;78;200
James_Shields;TB;Starting_Pitcher;76;214
Brian_Stokes;TB;Starting_Pitcher;73;200
Juan_Salas;TB;Relief_Pitcher;74;190
Jeff_Ridgway;TB;Relief_Pitcher;75;180
Ruddy_Lugo;TB;Relief_Pitcher;70;205
Jae-Kuk_Ryu;TB;Relief_Pitcher;75;220
Chad_Orvella;TB;Relief_Pitcher;71;190
Dan_Miceli;TB;Relief_Pitcher;72;215
Seth_McClung;TB;Relief_Pitcher;78;235
Jon_Switzer;TB;Relief_Pitcher;75;191
Shawn_Camp;TB;Relief_Pitcher;73;200
Scott_Dohmann;TB;Relief_Pitcher;73;181
Jason_LaRue;KC;Catcher;71;200
John_Buck;KC;Catcher;75;210
Ryan_Shealy;KC;First_Baseman;77;240
Ross_Gload;KC;First_Baseman;72;185
Esteban_German;KC;Second_Baseman;69;165
Mark_Grudzielanek;KC;Second_Baseman;73;190
Angel_Sanchez;KC;Second_Baseman;74;185
Angel_Berroa;KC;Shortstop;72;175
Andres_Blanco;KC;Shortstop;70;155
Mark_Teahen;KC;Third_Baseman;75;210
Joey_Gathright;KC;Outfielder;70;170
David_DeJesus;KC;Outfielder;72;175
Shane_Costa;KC;Outfielder;72;220
Mitch_Maier;KC;Outfielder;74;210
Reggie_Sanders;KC;Outfielder;73;205
Emil_Brown;KC;Outfielder;74;200
Mike_Sweeney;KC;Designated_Hitter;75;225
John_Bale;KC;Starting_Pitcher;76;205
Luke_Hudson;KC;Starting_Pitcher;75;195
Scott_Elarton;KC;Starting_Pitcher;80;240
Odalis_Perez;KC;Starting_Pitcher;72;150
Gil_Meche;KC;Starting_Pitcher;75;200
Neal_Musser;KC;Starting_Pitcher;73;215
Brian_Bannister;KC;Starting_Pitcher;74;202
Zack_Greinke;KC;Starting_Pitcher;74;200
Jorge_De_La_Rosa;KC;Starting_Pitcher;73;190
Todd_Wellemeyer;KC;Relief_Pitcher;75;205
Jimmy_Gobble;KC;Relief_Pitcher;75;190
Joel_Peralta;KC;Relief_Pitcher;71;160
Ryan_Braun;KC;Relief_Pitcher;73;215
Joakim_Soria;KC;Relief_Pitcher;75;185
Ken_Ray;KC;Relief_Pitcher;74;200
David_Riske;KC;Relief_Pitcher;74;190
Octavio_Dotel;KC;Relief_Pitcher;72;210
Joe_Nelson;KC;Relief_Pitcher;74;185
Gerald_Laird;TEX;Catcher;74;220
Miguel_Ojeda;TEX;Catcher;74;190
Guillermo_Quiroz;TEX;Catcher;73;202
Chris_Stewart;TEX;Catcher;76;205
Mark_Teixeira;TEX;First_Baseman;75;220
Ian_Kinsler;TEX;Second_Baseman;72;175
Joaquin_Arias;TEX;Shortstop;73;160
Michael_Young;TEX;Shortstop;73;190
Hank_Blalock;TEX;Third_Baseman;73;200
Marlon_Byrd;TEX;Outfielder;72;229
Brad_Wilkerson;TEX;Outfielder;72;206
Sammy_Sosa;TEX;Outfielder;72;220
Kenny_Lofton;TEX;Outfielder;72;180
Frank_Catalanotto;TEX;Outfielder;71;195
Nelson_Cruz;TEX;Outfielder;75;175
Jason_Botts;TEX;Designated_Hitter;77;250
Robinson_Tejeda;TEX;Starting_Pitcher;75;188
John_Rheinecker;TEX;Starting_Pitcher;74;230
Edinson_Volquez;TEX;Starting_Pitcher;73;190
A.J._Murray;TEX;Starting_Pitcher;75;200
Brandon_McCarthy;TEX;Starting_Pitcher;79;190
Vicente_Padilla;TEX;Starting_Pitcher;74;219
Kevin_Millwood;TEX;Starting_Pitcher;76;235
John_Koronka;TEX;Starting_Pitcher;73;180
Frank_Francisco;TEX;Relief_Pitcher;74;180
Francisco_Cruceta;TEX;Relief_Pitcher;74;180
Akinori_Otsuka;TEX;Relief_Pitcher;72;200
Eric_Gagne;TEX;Relief_Pitcher;74;234
Ron_Mahay;TEX;Relief_Pitcher;74;185
Joaquin_Benoit;TEX;Relief_Pitcher;75;220
Rick_Bauer;TEX;Relief_Pitcher;78;223
Josh_Rupe;TEX;Relief_Pitcher;74;200
Wes_Littleton;TEX;Relief_Pitcher;74;210
C.J._Wilson;TEX;Relief_Pitcher;74;200
Scott_Feldman;TEX;Relief_Pitcher;77;210
Gregg_Zaun;TOR;Catcher;70;190
Jason_Phillips;TOR;Catcher;73;177
Lyle_Overbay;TOR;First_Baseman;74;227
Russ_Adams;TOR;Second_Baseman;73;180
Aaron_Hill;TOR;Second_Baseman;71;195
Jason_Smith;TOR;Second_Baseman;75;199
John_McDonald;TOR;Shortstop;71;175
Royce_Clayton;TOR;Shortstop;72;185
Troy_Glaus;TOR;Third_Baseman;77;240
John_Hattig;TOR;Third_Baseman;74;210
Reed_Johnson;TOR;Outfielder;70;180
Alex_Rios;TOR;Outfielder;77;194
Vernon_Wells;TOR;Outfielder;73;225
Frank_Thomas;TOR;Designated_Hitter;77;275
Adam_Lind;TOR;Designated_Hitter;74;195
Shaun_Marcum;TOR;Starting_Pitcher;72;180
Casey_Janssen;TOR;Starting_Pitcher;76;205
Gustavo_Chacin;TOR;Starting_Pitcher;71;193
A.J._Burnett;TOR;Starting_Pitcher;76;230
Roy_Halladay;TOR;Starting_Pitcher;78;230
John_Thomson;TOR;Starting_Pitcher;75;220
Tomo_Ohka;TOR;Starting_Pitcher;73;200
B.J._Ryan;TOR;Relief_Pitcher;78;249
Scott_Downs;TOR;Relief_Pitcher;74;190
Brian_Tallet;TOR;Relief_Pitcher;79;208
Matt_Roney;TOR;Relief_Pitcher;75;245
Tracy_Thorpe;TOR;Relief_Pitcher;76;250
Jean_Machi;TOR;Relief_Pitcher;72;160
Brandon_League;TOR;Relief_Pitcher;75;192
Dustin_McGowan;TOR;Relief_Pitcher;75;220
Jason_Frasor;TOR;Relief_Pitcher;70;170
Francisco_Rosario;TOR;Relief_Pitcher;72;197
Davis_Romero;TOR;Relief_Pitcher;70;155
Jeremy_Accardo;TOR;Relief_Pitcher;74;190
Mike_Redmond;MIN;Catcher;71;200
Joe_Mauer;MIN;Catcher;76;220
Chris_Heintz;MIN;Catcher;73;210
Justin_Morneau;MIN;First_Baseman;76;228
Luis_Castillo;MIN;Second_Baseman;71;190
Alexi_Casilla;MIN;Second_Baseman;69;160
Alejandro_Machado;MIN;Second_Baseman;72;184
Jason_Bartlett;MIN;Shortstop;72;180
Luis_Rodriguez;MIN;Third_Baseman;69;180
Jeff_Cirillo;MIN;Third_Baseman;73;200
Nick_Punto;MIN;Third_Baseman;69;176
Jason_Tyner;MIN;Outfielder;73;160
Michael_Cuddyer;MIN;Outfielder;74;222
Torii_Hunter;MIN;Outfielder;74;211
Lew_Ford;MIN;Outfielder;72;195
Jason_Kubel;MIN;Outfielder;71;200
Josh_Rabe;MIN;Designated_Hitter;74;210
Rondell_White;MIN;Designated_Hitter;73;225
Ramon_Ortiz;MIN;Starting_Pitcher;72;175
Johan_Santana;MIN;Starting_Pitcher;72;206
Carlos_Silva;MIN;Starting_Pitcher;76;240
Matt_Garza;MIN;Starting_Pitcher;76;185
Boof_Bonser;MIN;Starting_Pitcher;76;260
Francisco_Liriano;MIN;Starting_Pitcher;74;185
Scott_Baker;MIN;Starting_Pitcher;76;221
Pat_Neshek;MIN;Relief_Pitcher;75;205
Glen_Perkins;MIN;Relief_Pitcher;71;200
Julio_DePaula;MIN;Relief_Pitcher;72;170
Juan_Rincon;MIN;Relief_Pitcher;71;201
Jesse_Crain;MIN;Relief_Pitcher;73;205
Matt_Guerrier;MIN;Relief_Pitcher;75;185
Joe_Nathan;MIN;Relief_Pitcher;76;205
Dennys_Reyes;MIN;Relief_Pitcher;75;245
Brayan_Pe?a;ATL;Catcher;71;220
Brian_McCann;ATL;Catcher;75;210
Craig_Wilson;ATL;First_Baseman;74;220
Chris_Woodward;ATL;Second_Baseman;72;185
Pete_Orr;ATL;Second_Baseman;73;175
Martin_Prado;ATL;Second_Baseman;73;170
Tony_Pe?a;ATL;Shortstop;73;180
Edgar_Renteria;ATL;Shortstop;73;200
Chipper_Jones;ATL;Third_Baseman;76;210
Willy_Aybar;ATL;Third_Baseman;72;175
Jeff_Francoeur;ATL;Outfielder;76;220
Matt_Diaz;ATL;Outfielder;73;206
Kelly_Johnson;ATL;Outfielder;73;180
Andruw_Jones;ATL;Outfielder;73;210
Ryan_Langerhans;ATL;Outfielder;75;195
Scott_Thorman;ATL;Outfielder;75;200
T.J._Bohn;ATL;Outfielder;77;200
Tim_Hudson;ATL;Starting_Pitcher;73;164
Jonathan_Johnson;ATL;Starting_Pitcher;72;180
John_Smoltz;ATL;Starting_Pitcher;75;220
Mike_Hampton;ATL;Starting_Pitcher;70;195
Kyle_Davies;ATL;Starting_Pitcher;74;205
Chuck_James;ATL;Starting_Pitcher;72;170
Phil_Stockman;ATL;Relief_Pitcher;80;240
Macay_McBride;ATL;Relief_Pitcher;71;210
Joey_Devine;ATL;Relief_Pitcher;71;195
Peter_Moylan;ATL;Relief_Pitcher;74;200
Mike_Gonzalez;ATL;Relief_Pitcher;74;205
Lance_Cormier;ATL;Relief_Pitcher;73;192
Blaine_Boyer;ATL;Relief_Pitcher;75;190
Manny_Acosta;ATL;Relief_Pitcher;76;170
Bob_Wickman;ATL;Relief_Pitcher;73;240
Tanyon_Sturtze;ATL;Relief_Pitcher;77;200
Oscar_Villarreal;ATL;Relief_Pitcher;72;205
Rafael_Soriano;ATL;Relief_Pitcher;73;175
Chad_Paronto;ATL;Relief_Pitcher;77;250
Tyler_Yates;ATL;Relief_Pitcher;76;220
Henry_Blanco;CHC;Catcher;71;224
Michael_Barrett;CHC;Catcher;75;210
Geovany_Soto;CHC;Catcher;73;195
Scott_Moore;CHC;First_Baseman;74;180
Derrek_Lee;CHC;First_Baseman;77;245
Ryan_Theriot;CHC;Second_Baseman;71;175
Ronny_Cedeno;CHC;Shortstop;72;180
Aramis_Ramirez;CHC;Third_Baseman;73;215
Cesar_Izturis;CHC;Third_Baseman;69;175
Alfonso_Soriano;CHC;Outfielder;73;180
Jacque_Jones;CHC;Outfielder;70;195
Daryle_Ward;CHC;Outfielder;74;230
Cliff_Floyd;CHC;Outfielder;76;230
Mark_DeRosa;CHC;Outfielder;73;205
Matt_Murton;CHC;Outfielder;73;215
Buck_Coats;CHC;Outfielder;75;195
Angel_Pagan;CHC;Outfielder;73;180
Sean_Marshall;CHC;Starting_Pitcher;79;205
Carlos_Marmol;CHC;Starting_Pitcher;74;180
Ryan_O'Malley;CHC;Starting_Pitcher;73;190
Juan_Mateo;CHC;Starting_Pitcher;74;180
Rich_Hill;CHC;Starting_Pitcher;77;190
Angel_Guzman;CHC;Starting_Pitcher;75;190
Wade_Miller;CHC;Starting_Pitcher;74;220
Jason_Marquis;CHC;Starting_Pitcher;73;210
Carlos_Zambrano;CHC;Starting_Pitcher;77;255
Ted_Lilly;CHC;Starting_Pitcher;73;190
Mark_Prior;CHC;Starting_Pitcher;77;230
Neal_Cotts;CHC;Relief_Pitcher;74;200
Will_Ohman;CHC;Relief_Pitcher;74;205
Scott_Eyre;CHC;Relief_Pitcher;73;210
Kerry_Wood;CHC;Relief_Pitcher;77;225
Ryan_Dempster;CHC;Relief_Pitcher;74;215
Bob_Howry;CHC;Relief_Pitcher;77;220
Mike_Wuertz;CHC;Relief_Pitcher;75;205
Roberto_Novoa;CHC;Relief_Pitcher;77;200
Chris_Snyder;ARZ;Catcher;75;220
Miguel_Montero;ARZ;Catcher;71;197
Conor_Jackson;ARZ;First_Baseman;74;225
Robby_Hammock;ARZ;First_Baseman;70;187
Tony_Clark;ARZ;First_Baseman;79;245
Orlando_Hudson;ARZ;Second_Baseman;72;185
Stephen_Drew;ARZ;Shortstop;72;185
Alberto_Callaspo;ARZ;Shortstop;70;175
Chad_Tracy;ARZ;Third_Baseman;74;200
Chris_Young;ARZ;Outfielder;74;180
Scott_Hairston;ARZ;Outfielder;72;188
Carlos_Quentin;ARZ;Outfielder;73;225
Jeff_DaVanon;ARZ;Outfielder;72;200
Eric_Byrnes;ARZ;Outfielder;74;210
Livan_Hernandez;ARZ;Starting_Pitcher;74;245
Doug_Davis;ARZ;Starting_Pitcher;76;213
Randy_Johnson;ARZ;Starting_Pitcher;82;231
Juan_Cruz;ARZ;Starting_Pitcher;74;165
Brandon_Webb;ARZ;Starting_Pitcher;74;228
Enrique_Gonzalez;ARZ;Starting_Pitcher;70;210
Dana_Eveland;ARZ;Starting_Pitcher;73;250
Brandon_Medders;ARZ;Relief_Pitcher;73;191
Tony_Pe?a;ARZ;Relief_Pitcher;74;190
Doug_Slaten;ARZ;Relief_Pitcher;77;200
Edgar_Gonzalez;ARZ;Relief_Pitcher;72;215
Jose_Valverde;ARZ;Relief_Pitcher;76;254
Jorge_Julio;ARZ;Relief_Pitcher;73;232
Brandon_Lyon;ARZ;Relief_Pitcher;73;180
Miguel_Olivo;FLA;Catcher;72;215
Matt_Treanor;FLA;Catcher;74;220
Mike_Jacobs;FLA;First_Baseman;74;180
Dan_Uggla;FLA;Second_Baseman;71;200
Robert_Andino;FLA;Shortstop;72;170
Hanley_Ramirez;FLA;Shortstop;75;195
Miguel_Cabrera;FLA;Third_Baseman;74;210
Aaron_Boone;FLA;Third_Baseman;74;200
Joe_Borchard;FLA;Outfielder;77;220
Alfredo_Amezaga;FLA;Outfielder;70;165
Cody_Ross;FLA;Outfielder;71;180
Josh_Willingham;FLA;Outfielder;73;200
Jeremy_Hermida;FLA;Outfielder;76;200
Eric_Reed;FLA;Outfielder;71;170
Reggi_Abercrombie;FLA;Outfielder;75;224
Ricky_Nolasco;FLA;Starting_Pitcher;74;220
Anibal_Sanchez;FLA;Starting_Pitcher;72;180
Scott_Olsen;FLA;Starting_Pitcher;76;198
Josh_Johnson;FLA;Starting_Pitcher;79;240
Dontrelle_Willis;FLA;Starting_Pitcher;77;239
Logan_Kensing;FLA;Relief_Pitcher;73;185
Sergio_Mitre;FLA;Relief_Pitcher;76;210
Kevin_Gregg;FLA;Relief_Pitcher;78;220
Travis_Bowyer;FLA;Relief_Pitcher;75;200
Renyel_Pinto;FLA;Relief_Pitcher;76;195
Randy_Messenger;FLA;Relief_Pitcher;72;220
Yusmeiro_Petit;FLA;Relief_Pitcher;72;230
Carlos_Martinez;FLA;Relief_Pitcher;73;170
Taylor_Tankersley;FLA;Relief_Pitcher;73;220
Henry_Owens;FLA;Relief_Pitcher;75;230
Jose_Garcia;FLA;Relief_Pitcher;71;165
Matt_Lindstrom;FLA;Relief_Pitcher;76;205
Javier_Valentin;CIN;Catcher;70;192
Chad_Moeller;CIN;Catcher;75;210
David_Ross;CIN;Catcher;74;205
Joey_Votto;CIN;First_Baseman;75;200
Scott_Hatteberg;CIN;First_Baseman;73;210
Brandon_Phillips;CIN;Second_Baseman;71;185
Juan_Castro;CIN;Shortstop;71;195
Alex_Gonzalez;CIN;Shortstop;72;202
Mark_Bellhorn;CIN;Third_Baseman;73;205
Edwin_Encarnacion;CIN;Third_Baseman;73;195
Jeff_Keppinger;CIN;Third_Baseman;72;180
Norris_Hopper;CIN;Outfielder;69;200
Chris_Denorfia;CIN;Outfielder;73;185
Adam_Dunn;CIN;Outfielder;78;240
Bubba_Crosby;CIN;Outfielder;71;185
Jeff_Conine;CIN;Outfielder;73;220
Ken_Griffey_Jr.;CIN;Outfielder;75;205
Josh_Hamilton;CIN;Outfielder;76;205
Ryan_Freel;CIN;Outfielder;70;180
Kyle_Lohse;CIN;Starting_Pitcher;74;201
Bronson_Arroyo;CIN;Starting_Pitcher;77;190
Eric_Milton;CIN;Starting_Pitcher;75;208
Aaron_Harang;CIN;Starting_Pitcher;79;240
Kirk_Saarloos;CIN;Starting_Pitcher;72;220
Elizardo_Ramirez;CIN;Starting_Pitcher;72;180
Todd_Coffey;CIN;Relief_Pitcher;77;230
Brian_Shackelford;CIN;Relief_Pitcher;73;195
Bill_Bray;CIN;Relief_Pitcher;75;215
Bobby_Livingston;CIN;Relief_Pitcher;75;190
Matt_Belisle;CIN;Relief_Pitcher;75;195
Gary_Majewski;CIN;Relief_Pitcher;73;215
Mike_Stanton;CIN;Relief_Pitcher;73;215
Brad_Salmon;CIN;Relief_Pitcher;76;220
Jared_Burton;CIN;Relief_Pitcher;77;220
David_Weathers;CIN;Relief_Pitcher;75;230
Rheal_Cormier;CIN;Relief_Pitcher;70;195
Yorvit_Torrealba;COL;Catcher;71;190
Chris_Iannetta;COL;Catcher;71;195
Alvin_Colina;COL;Catcher;75;209
Todd_Helton;COL;First_Baseman;74;204
Jamey_Carroll;COL;Second_Baseman;69;170
Kaz_Matsui;COL;Second_Baseman;70;185
Troy_Tulowitzki;COL;Shortstop;75;205
Clint_Barmes;COL;Shortstop;72;175
Garrett_Atkins;COL;Third_Baseman;75;210
Ryan_Spilborghs;COL;Outfielder;73;190
Cory_Sullivan;COL;Outfielder;72;180
Jeff_Salazar;COL;Outfielder;72;180
Willy_Taveras;COL;Outfielder;72;160
Matt_Holliday;COL;Outfielder;76;235
Brad_Hawpe;COL;Outfielder;75;200
Jeff_Baker;COL;Outfielder;74;210
Javy_Lopez;COL;Designated_Hitter;75;224
Byung-Hyun_Kim;COL;Starting_Pitcher;69;180
Rodrigo_Lopez;COL;Starting_Pitcher;73;190
Brian_Lawrence;COL;Starting_Pitcher;72;197
Josh_Fogg;COL;Starting_Pitcher;72;203
Aaron_Cook;COL;Starting_Pitcher;75;205
Denny_Bautista;COL;Starting_Pitcher;77;170
Ubaldo_Jimenez;COL;Starting_Pitcher;76;200
Jason_Hirsh;COL;Starting_Pitcher;80;250
Jeff_Francis;COL;Starting_Pitcher;77;200
Taylor_Buchholz;COL;Starting_Pitcher;76;220
Ryan_Speier;COL;Relief_Pitcher;79;200
Ramon_Ramirez;COL;Relief_Pitcher;71;190
Manny_Corpas;COL;Relief_Pitcher;75;170
Juan_Morillo;COL;Relief_Pitcher;73;190
Brian_Fuentes;COL;Relief_Pitcher;76;220
LaTroy_Hawkins;COL;Relief_Pitcher;77;215
Tom_Martin;COL;Relief_Pitcher;73;206
Jeremy_Affeldt;COL;Relief_Pitcher;76;215
Paul_Lo_Duca;NYM;Catcher;70;185
Ramon_Castro;NYM;Catcher;75;235
Julio_Franco;NYM;First_Baseman;73;188
Carlos_Delgado;NYM;First_Baseman;75;230
Jose_Valentin;NYM;Second_Baseman;70;195
Anderson_Hernandez;NYM;Second_Baseman;69;168
Damion_Easley;NYM;Shortstop;71;190
Jose_Reyes;NYM;Shortstop;72;160
David_Wright;NYM;Third_Baseman;72;200
Ben_Johnson;NYM;Outfielder;73;200
Endy_Chavez;NYM;Outfielder;70;189
David_Newhan;NYM;Outfielder;70;180
Carlos_Beltran;NYM;Outfielder;73;190
Shawn_Green;NYM;Outfielder;76;200
Moises_Alou;NYM;Outfielder;75;220
Lastings_Milledge;NYM;Outfielder;72;187
Alay_Soler;NYM;Starting_Pitcher;73;240
Mike_Pelfrey;NYM;Starting_Pitcher;79;190
Pedro_Martinez;NYM;Starting_Pitcher;71;180
Tom_Glavine;NYM;Starting_Pitcher;72;185
Chan_Ho_Park;NYM;Starting_Pitcher;74;210
Orlando_Hernandez;NYM;Starting_Pitcher;74;220
Dave_Williams;NYM;Starting_Pitcher;74;219
Oliver_Perez;NYM;Starting_Pitcher;72;190
John_Maine;NYM;Starting_Pitcher;76;193
Marcos_Carvajal;NYM;Relief_Pitcher;76;175
Ambiorix_Burgos;NYM;Relief_Pitcher;72;180
Jason_Vargas;NYM;Relief_Pitcher;72;215
Jon_Adkins;NYM;Relief_Pitcher;71;210
Juan_Padilla;NYM;Relief_Pitcher;72;200
Duaner_Sanchez;NYM;Relief_Pitcher;72;190
Pedro_Feliciano;NYM;Relief_Pitcher;70;185
Aaron_Heilman;NYM;Relief_Pitcher;77;220
Jorge_Sosa;NYM;Relief_Pitcher;74;170
Scott_Schoeneweis;NYM;Relief_Pitcher;72;195
Guillermo_Mota;NYM;Relief_Pitcher;76;205
Billy_Wagner;NYM;Relief_Pitcher;71;195
Philip_Humber;NYM;Relief_Pitcher;76;210
Brad_Ausmus;HOU;Catcher;71;190
Humberto_Quintero;HOU;Catcher;73;190
Hector_Gimenez;HOU;Catcher;70;180
Lance_Berkman;HOU;First_Baseman;73;220
Mike_Lamb;HOU;First_Baseman;73;190
Mark_Loretta;HOU;Second_Baseman;72;186
Craig_Biggio;HOU;Second_Baseman;71;185
Brooks_Conrad;HOU;Second_Baseman;71;190
Chris_Burke;HOU;Second_Baseman;71;180
Eric_Bruntlett;HOU;Second_Baseman;72;190
Adam_Everett;HOU;Shortstop;72;170
Morgan_Ensberg;HOU;Third_Baseman;74;210
Carlos_Lee;HOU;Outfielder;74;240
Jason_Lane;HOU;Outfielder;74;220
Orlando_Palmeiro;HOU;Outfielder;71;180
Luke_Scott;HOU;Outfielder;72;210
Charlton_Jimerson;HOU;Outfielder;75;210
Fernando_Nieve;HOU;Starting_Pitcher;72;195
Wandy_Rodriguez;HOU;Starting_Pitcher;71;160
Brandon_Backe;HOU;Starting_Pitcher;72;180
Matt_Albers;HOU;Starting_Pitcher;72;205
Woody_Williams;HOU;Starting_Pitcher;72;200
Roy_Oswalt;HOU;Starting_Pitcher;72;185
Jason_Jennings;HOU;Starting_Pitcher;74;245
Miguel_Asencio;HOU;Relief_Pitcher;74;190
Brad_Lidge;HOU;Relief_Pitcher;77;210
Trever_Miller;HOU;Relief_Pitcher;75;200
David_Borkowski;HOU;Relief_Pitcher;73;200
Dan_Wheeler;HOU;Relief_Pitcher;75;222
Paul_Estrada;HOU;Relief_Pitcher;73;215
Lincoln_Holdzkom;HOU;Relief_Pitcher;76;240
Chris_Sampson;HOU;Relief_Pitcher;72;170
Chad_Qualls;HOU;Relief_Pitcher;77;220
Ezequiel_Astacio;HOU;Relief_Pitcher;75;156
Mike_Lieberthal;LA;Catcher;72;190
Russell_Martin;LA;Catcher;71;202
Olmedo_Saenz;LA;First_Baseman;71;221
James_Loney;LA;First_Baseman;75;200
Nomar_Garciaparra;LA;First_Baseman;72;190
Jeff_Kent;LA;Second_Baseman;73;210
Ramon_Martinez;LA;Second_Baseman;73;190
Marlon_Anderson;LA;Second_Baseman;71;200
Rafael_Furcal;LA;Shortstop;70;165
Wilson_Betemit;LA;Third_Baseman;75;190
Andy_LaRoche;LA;Third_Baseman;71;185
Matt_Kemp;LA;Outfielder;76;230
Andre_Ethier;LA;Outfielder;73;208
Delwyn_Young;LA;Outfielder;68;209
Jason_Repko;LA;Outfielder;71;175
Juan_Pierre;LA;Outfielder;72;180
Luis_Gonzalez;LA;Outfielder;74;200
Jason_Schmidt;LA;Starting_Pitcher;77;205
Randy_Wolf;LA;Starting_Pitcher;72;200
Brad_Penny;LA;Starting_Pitcher;76;250
Derek_Lowe;LA;Starting_Pitcher;78;210
Mark_Hendrickson;LA;Starting_Pitcher;81;230
Chad_Billingsley;LA;Starting_Pitcher;72;244
Takashi_Saito;LA;Relief_Pitcher;73;202
Jonathan_Broxton;LA;Relief_Pitcher;76;240
Hong-Chih_Kuo;LA;Relief_Pitcher;72;200
Eric_Stults;LA;Relief_Pitcher;72;215
Chin-Hui_Tsao;LA;Relief_Pitcher;74;177
Tim_Hamulack;LA;Relief_Pitcher;76;210
Yhency_Brazoban;LA;Relief_Pitcher;73;170
Brett_Tomko;LA;Relief_Pitcher;76;215
Joe_Beimel;LA;Relief_Pitcher;75;217
Elmer_Dessens;LA;Relief_Pitcher;70;198
Ryan_Budde;PHI;Catcher;71;200
Rod_Barajas;PHI;Catcher;74;220
Carlos_Ruiz;PHI;Catcher;72;170
Chris_Coste;PHI;Catcher;73;200
Ryan_Howard;PHI;First_Baseman;76;230
Wes_Helms;PHI;First_Baseman;76;231
Chase_Utley;PHI;Second_Baseman;73;183
Danny_Sandoval;PHI;Second_Baseman;71;192
Jimmy_Rollins;PHI;Shortstop;68;167
Abraham_Nu?ez;PHI;Third_Baseman;71;190
Michael_Bourn;PHI;Outfielder;71;180
Chris_Roberson;PHI;Outfielder;74;180
Jayson_Werth;PHI;Outfielder;77;215
Shane_Victorino;PHI;Outfielder;69;160
Aaron_Rowand;PHI;Outfielder;72;205
Pat_Burrell;PHI;Outfielder;76;223
Greg_Dobbs;PHI;Designated_Hitter;73;205
Cole_Hamels;PHI;Starting_Pitcher;75;175
Alfredo_Simon;PHI;Starting_Pitcher;76;170
Scott_Mathieson;PHI;Starting_Pitcher;75;190
Freddy_Garcia;PHI;Starting_Pitcher;76;240
Jamie_Moyer;PHI;Starting_Pitcher;72;175
Jon_Lieber;PHI;Starting_Pitcher;74;230
Brett_Myers;PHI;Starting_Pitcher;76;223
Adam_Eaton;PHI;Starting_Pitcher;74;196
Geoff_Geary;PHI;Relief_Pitcher;72;167
Clay_Condrey;PHI;Relief_Pitcher;75;195
Ryan_Madson;PHI;Relief_Pitcher;78;190
Antonio_Alfonseca;PHI;Relief_Pitcher;77;250
Tom_Gordon;PHI;Relief_Pitcher;70;190
Brian_Sanches;PHI;Relief_Pitcher;72;190
Jim_Ed_Warden;PHI;Relief_Pitcher;79;190
Anderson_Garcia;PHI;Relief_Pitcher;74;170
Eude_Brito;PHI;Relief_Pitcher;71;160
Fabio_Castro;PHI;Relief_Pitcher;68;150
Matt_Smith;PHI;Relief_Pitcher;77;225
Damian_Miller;MLW;Catcher;75;220
Johnny_Estrada;MLW;Catcher;71;209
Mike_Rivera;MLW;Catcher;72;210
J.D._Closser;MLW;Catcher;70;176
Prince_Fielder;MLW;First_Baseman;72;260
Rickie_Weeks;MLW;Second_Baseman;72;195
Tony_Graffanino;MLW;Second_Baseman;73;190
Craig_Counsell;MLW;Shortstop;72;184
J.J._Hardy;MLW;Shortstop;74;180
Bill_Hall;MLW;Shortstop;72;195
Vinny_Rottino;MLW;Third_Baseman;72;195
Corey_Koskie;MLW;Third_Baseman;75;219
Kevin_Mench;MLW;Outfielder;72;225
Geoff_Jenkins;MLW;Outfielder;73;212
Brady_Clark;MLW;Outfielder;74;202
Tony_Gwynn_Jr.;MLW;Outfielder;72;185
Corey_Hart;MLW;Outfielder;78;200
Gabe_Gross;MLW;Outfielder;75;209
Laynce_Nix;MLW;Outfielder;72;200
Drew_Anderson;MLW;Outfielder;74;195
Claudio_Vargas;MLW;Starting_Pitcher;75;228
Chris_Capuano;MLW;Starting_Pitcher;75;210
Ben_Hendrickson;MLW;Starting_Pitcher;76;190
Dave_Bush;MLW;Starting_Pitcher;74;212
Carlos_Villanueva;MLW;Starting_Pitcher;74;190
Ben_Sheets;MLW;Starting_Pitcher;73;218
Jeff_Suppan;MLW;Starting_Pitcher;74;220
Brian_Shouse;MLW;Relief_Pitcher;71;190
Francisco_Cordero;MLW;Relief_Pitcher;74;235
Derrick_Turnbow;MLW;Relief_Pitcher;75;210
Matt_Wise;MLW;Relief_Pitcher;76;200
Grant_Balfour;MLW;Relief_Pitcher;74;188
Dennis_Sarfate;MLW;Relief_Pitcher;76;210
Jose_Capellan;MLW;Relief_Pitcher;76;235
Greg_Aquino;MLW;Relief_Pitcher;73;188
Josh_Bard;SD;Catcher;75;215
Rob_Bowen;SD;Catcher;75;216
Adrian_Gonzalez;SD;First_Baseman;74;220
Marcus_Giles;SD;Second_Baseman;68;180
Todd_Walker;SD;Second_Baseman;72;185
Geoff_Blum;SD;Shortstop;75;200
Khalil_Greene;SD;Shortstop;71;210
Paul_McAnulty;SD;Outfielder;70;220
Terrmel_Sledge;SD;Outfielder;72;185
Jack_Cust;SD;Outfielder;73;231
Jose_Cruz_Jr.;SD;Outfielder;72;210
Russell_Branyan;SD;Outfielder;75;195
Mike_Cameron;SD;Outfielder;74;200
Brian_Giles;SD;Outfielder;70;205
Kevin_Kouzmanoff;SD;Designated_Hitter;73;200
Mike_Thompson;SD;Starting_Pitcher;76;200
Clay_Hensley;SD;Starting_Pitcher;71;190
Chris_Young;SD;Starting_Pitcher;82;250
Greg_Maddux;SD;Starting_Pitcher;72;185
Jake_Peavy;SD;Starting_Pitcher;73;180
Scott_Cassidy;SD;Relief_Pitcher;74;170
Scott_Strickland;SD;Relief_Pitcher;71;180
Scott_Linebrink;SD;Relief_Pitcher;75;208
Doug_Brocail;SD;Relief_Pitcher;77;235
Trevor_Hoffman;SD;Relief_Pitcher;72;215
Heath_Bell;SD;Relief_Pitcher;74;244
Royce_Ring;SD;Relief_Pitcher;72;220
Cla_Meredith;SD;Relief_Pitcher;73;185
Andrew_Brown;SD;Relief_Pitcher;78;230
Mike_Adams;SD;Relief_Pitcher;77;190
Justin_Hampson;SD;Relief_Pitcher;73;200
Kevin_Cameron;SD;Relief_Pitcher;73;180
Ryan_Ketchner;SD;Relief_Pitcher;73;190
Brian_Schneider;WAS;Catcher;73;196
Jesus_Flores;WAS;Catcher;73;180
Larry_Broadway;WAS;First_Baseman;76;230
Nick_Johnson;WAS;First_Baseman;75;224
Bernie_Castro;WAS;Second_Baseman;70;160
Josh_Wilson;WAS;Shortstop;73;178
Cristian_Guzman;WAS;Shortstop;72;205
Felipe_Lopez;WAS;Shortstop;73;185
Ryan_Zimmerman;WAS;Third_Baseman;75;210
Nook_Logan;WAS;Outfielder;74;180
Ryan_Church;WAS;Outfielder;73;190
Kory_Casto;WAS;Outfielder;73;200
Mike_Restovich;WAS;Outfielder;76;257
Alex_Escobar;WAS;Outfielder;73;190
Austin_Kearns;WAS;Outfielder;75;220
Chris_Snelling;WAS;Outfielder;70;165
Billy_Traber;WAS;Starting_Pitcher;77;205
Tim_Redding;WAS;Starting_Pitcher;72;200
John_Patterson;WAS;Starting_Pitcher;77;208
Shawn_Hill;WAS;Starting_Pitcher;74;185
Joel_Hanrahan;WAS;Starting_Pitcher;75;215
Mike_O'Connor;WAS;Starting_Pitcher;75;170
Emiliano_Fruto;WAS;Relief_Pitcher;75;235
Chris_Schroder;WAS;Relief_Pitcher;75;210
Brett_Campbell;WAS;Relief_Pitcher;72;170
Beltran_Perez;WAS;Relief_Pitcher;74;180
Levale_Speigner;WAS;Relief_Pitcher;71;170
Jason_Bergmann;WAS;Relief_Pitcher;76;190
Saul_Rivera;WAS;Relief_Pitcher;71;150
Chris_Booker;WAS;Relief_Pitcher;75;230
Micah_Bowie;WAS;Relief_Pitcher;76;203
Jon_Rauch;WAS;Relief_Pitcher;83;260
Jerome_Williams;WAS;Relief_Pitcher;75;246
Luis_Ayala;WAS;Relief_Pitcher;74;186
Ryan_Wagner;WAS;Relief_Pitcher;76;210
Chad_Cordero;WAS;Relief_Pitcher;72;198
Humberto_Cota;PIT;Catcher;72;210
Ronny_Paulino;PIT;Catcher;75;215
Adam_LaRoche;PIT;First_Baseman;75;180
Ryan_Doumit;PIT;First_Baseman;72;200
Brad_Eldred;PIT;First_Baseman;77;245
Jose_Castillo;PIT;Second_Baseman;73;200
Jack_Wilson;PIT;Shortstop;72;192
Freddy_Sanchez;PIT;Third_Baseman;70;192
Jason_Bay;PIT;Outfielder;74;200
Jose_Bautista;PIT;Outfielder;72;192
Xavier_Nady;PIT;Outfielder;74;205
Jody_Gerut;PIT;Outfielder;72;190
Nate_McLouth;PIT;Outfielder;71;186
Chris_Duffy;PIT;Outfielder;70;170
Rajai_Davis;PIT;Outfielder;71;197
Shane_Youman;PIT;Starting_Pitcher;76;219
Yoslan_Herrera;PIT;Starting_Pitcher;74;200
Josh_Shortslef;PIT;Starting_Pitcher;76;220
Zach_Duke;PIT;Starting_Pitcher;74;207
Paul_Maholm;PIT;Starting_Pitcher;74;225
Tom_Gorzelanny;PIT;Starting_Pitcher;74;207
Shawn_Chacon;PIT;Starting_Pitcher;75;212
Tony_Armas_Jr.;PIT;Starting_Pitcher;75;225
Ian_Snell;PIT;Starting_Pitcher;71;170
Sean_Burnett;PIT;Starting_Pitcher;71;190
John_Grabow;PIT;Relief_Pitcher;74;210
Marty_McLeary;PIT;Relief_Pitcher;77;230
Salomon_Torres;PIT;Relief_Pitcher;71;210
Damaso_Marte;PIT;Relief_Pitcher;74;200
Matt_Capps;PIT;Relief_Pitcher;75;238
Josh_Sharpless;PIT;Relief_Pitcher;77;234
Bryan_Bullington;PIT;Relief_Pitcher;76;222
Jonah_Bayliss;PIT;Relief_Pitcher;74;200
Brian_Rogers;PIT;Relief_Pitcher;76;190
Juan_Perez;PIT;Relief_Pitcher;72;170
Bengie_Molina;SF;Catcher;71;220
Eliezer_Alfonzo;SF;Catcher;72;223
Lance_Niekro;SF;First_Baseman;75;210
Mark_Sweeney;SF;First_Baseman;73;215
Ray_Durham;SF;Second_Baseman;68;196
Kevin_Frandsen;SF;Second_Baseman;72;175
Omar_Vizquel;SF;Shortstop;69;175
Rich_Aurilia;SF;Third_Baseman;73;189
Pedro_Feliz;SF;Third_Baseman;73;205
Todd_Linden;SF;Outfielder;75;210
Dave_Roberts;SF;Outfielder;70;180
Jason_Ellison;SF;Outfielder;70;180
Randy_Winn;SF;Outfielder;74;197
Ryan_Klesko;SF;Outfielder;75;220
Barry_Bonds;SF;Outfielder;74;228
Fred_Lewis;SF;Outfielder;74;190
Kelyn_Acosta;SF;Starting_Pitcher;73;204
Jonathan_Sanchez;SF;Starting_Pitcher;74;165
Matt_Cain;SF;Starting_Pitcher;75;216
Matt_Morris;SF;Starting_Pitcher;77;220
Russ_Ortiz;SF;Starting_Pitcher;73;208
Noah_Lowry;SF;Starting_Pitcher;74;210
Barry_Zito;SF;Starting_Pitcher;76;215
Vinnie_Chulk;SF;Relief_Pitcher;74;195
Kevin_Correia;SF;Relief_Pitcher;75;200
Steve_Kline;SF;Relief_Pitcher;73;215
Armando_Benitez;SF;Relief_Pitcher;76;229
Scott_Munter;SF;Relief_Pitcher;78;240
Jack_Taschner;SF;Relief_Pitcher;75;207
Brian_Wilson;SF;Relief_Pitcher;73;205
Merkin_Valdez;SF;Relief_Pitcher;77;208
Brad_Hennessey;SF;Relief_Pitcher;74;185
Billy_Sadler;SF;Relief_Pitcher;72;190
Pat_Misch;SF;Relief_Pitcher;74;170
Gary_Bennett;STL;Catcher;72;208
Yadier_Molina;STL;Catcher;71;225
John_Nelson;STL;First_Baseman;73;190
Albert_Pujols;STL;First_Baseman;75;225
Adam_Kennedy;STL;Second_Baseman;73;185
Aaron_Miles;STL;Second_Baseman;67;180
David_Eckstein;STL;Shortstop;67;165
Scott_Rolen;STL;Third_Baseman;76;240
Scott_Spiezio;STL;Third_Baseman;74;220
Jim_Edmonds;STL;Outfielder;73;212
So_Taguchi;STL;Outfielder;70;163
Juan_Encarnacion;STL;Outfielder;75;215
Skip_Schumaker;STL;Outfielder;70;175
John_Rodriguez;STL;Outfielder;72;205
Chris_Duncan;STL;Outfielder;77;210
Adam_Wainwright;STL;Starting_Pitcher;79;205
Mark_Mulder;STL;Starting_Pitcher;78;208
Anthony_Reyes;STL;Starting_Pitcher;74;215
Ryan_Franklin;STL;Starting_Pitcher;75;180
Kip_Wells;STL;Starting_Pitcher;75;200
Chris_Carpenter;STL;Starting_Pitcher;78;230
Russ_Springer;STL;Relief_Pitcher;76;211
Jason_Isringhausen;STL;Relief_Pitcher;75;230
Ricardo_Rincon;STL;Relief_Pitcher;69;190
Braden_Looper;STL;Relief_Pitcher;75;220
Randy_Flores;STL;Relief_Pitcher;72;180
Josh_Hancock;STL;Relief_Pitcher;75;205
Brad_Thompson;STL;Relief_Pitcher;73;190
Tyler_Johnson;STL;Relief_Pitcher;74;180
Chris_Narveson;STL;Relief_Pitcher;75;205
Randy_Keisler;STL;Relief_Pitcher;75;190
Josh_Kinney;STL;Relief_Pitcher;73;195
